subset,weighted,d_median,n,density,density_lo,density_hi,lacunarity_mean,lacunarity_mean_lo,lacunarity_mean_hi,lacunarity_slope,lacunarity_slope_lo,lacunarity_slope_hi,r_crit,r_crit_lo,r_crit_hi,mfa_alpha_width,mfa_alpha_width_lo,mfa_alpha_width_hi,W_trans,W_trans_lo,W_trans_hi,gamma,gamma_lo,gamma_hi,Delta_D,Delta_D_lo,Delta_D_hi,S_alpha,S_alpha_lo,S_alpha_hi
all,True,1.625e-05,800,9.068630396605982,8.654012807299553,9.307848741202873,8.429741550756008,8.149853690013458,8.589446904377978,8.688885773489572,8.371313582145008,8.908279791236627,1.3264612665746978,1.1511427325373833,2.4889225123879517,9.522417315445882,9.142236944745491,9.820171936850068,2.081205751189483,1.255802307690639,2.6243101185203566,5.148838593933922,4.804894702465104,5.5753338254852,10.068157683703232,9.603486825588199,10.32386052186643,3.265201925909713,2.5138498305194625,3.908281137394934
all,True,3.4e-05,800,9.184293428003155,8.851339436571184,9.532551738752476,8.585417833652498,8.30847504281477,8.8004987119467,8.431843796711343,8.107891473893512,8.791688944344296,1.8900250617209642,1.3322852586147027,2.338042007787907,9.336153588695705,9.044264351999365,9.749698076183591,2.2356345356803966,1.6677480755306413,2.7501187741102235,4.552354176389567,4.261943850059048,5.159946243857586,10.038230014757632,9.62577378451341,10.394931011363658,2.805452901822236,2.2439454119919815,3.222786464377054
all,True,6.2125e-05,800,9.390417330532987,9.123947682205825,9.716116651194133,8.742165660365137,8.485414243228087,9.015762233839595,8.378684408969352,8.075239996371604,8.768344477342184,1.9210421139420588,1.3197440379971161,2.3708596071060652,9.400198752514203,9.017885138147983,9.725360156545278,2.1745074357161935,1.6173673214857738,2.597884163858395,4.516191466643211,4.139400048572805,5.0945714488391625,9.972746519015805,9.56452371341925,10.299169423345026,2.5984266927974606,2.1470151209576054,3.039766006362359
all,True,9.7625e-05,800,8.986559013342028,8.656134891459883,9.213723931411398,8.720913537868253,8.40738374065622,8.916873673802504,8.325470035753735,8.040068666423032,8.612678970978617,2.2811414646334884,1.789758965985639,2.698525424837175,9.23257280752675,8.94705677767946,9.586582043571877,2.4057555895096923,1.9501571842579792,2.8179077857649473,4.4150632258314495,4.075676696565168,4.9206404407932185,9.978379083928889,9.549366351679764,10.326967195704372,2.503748180891929,2.0820836029963603,2.884923628838987
all,True,0.000154,800,9.152210990941523,8.797965720780875,9.42295639635272,8.754033777559078,8.466361504339956,9.07675594294944,8.279910622892848,7.942500553543469,8.614856173773322,2.076301976492281,1.3231210150018806,2.6079142487588918,9.376442164994844,8.994730099040464,9.708510066882623,2.2409746072555223,1.5435943703728432,2.748938826232202,4.502181253097698,4.05034744615571,5.646755169060164,10.044383331486035,9.629585962921512,10.438826271026128,2.1969316657435645,1.5471263141091307,2.653806935958871
all,True,0.00021675,800,9.329656192777499,9.064971329398608,9.5622369030217,9.022767164813091,8.73528787548307,9.25477686750952,8.05763542582988,7.694163987192774,8.330673461466436,1.8638041821673386,1.299153035002348,2.4122960632664747,9.499013398698793,9.12297502000247,9.889516629322962,2.085283450863616,1.5136368211794824,2.517215197760243,4.83338857618755,4.195453182079404,5.8078899877960195,9.952673972312265,9.53607412734522,10.243830197160236,1.962873447318602,1.4650200742446564,2.432897321057148
all,True,0.00029125,800,9.735778447643586,9.295788663124183,10.019841707540396,9.134369703493391,8.755257601888268,9.473422079311131,8.028501271397696,7.6107098049314965,8.485433929797054,1.7937287867404481,1.0595864193498319,2.301444226667497,9.210498777849185,8.735246515476735,9.632201058953877,1.9133209127542579,1.0943063146416216,2.397648166176093,4.952548669853055,4.298653642268752,6.274231043429514,9.842389248301302,9.393265416083757,10.1052626078864,1.7920000797729558,1.2833872247931013,2.327808125572708
all,True,0.00038075,800,10.155061100503836,9.569894098976485,10.684999347771186,8.638751563171574,7.9036138038596535,9.368104029567677,8.167083402181447,7.677805832819968,8.538507237807941,1.7727888833027932,0.9024642171226197,2.368366713489795,9.140755353914551,8.603324851739066,9.680092973502864,1.8762076455042649,0.8467907582582623,2.4684098443965885,4.928854207652175,4.15807813754692,6.812599789826426,9.970372088933853,9.37784123433836,10.352605143948235,1.874457751556545,1.2778889917249618,2.5835434956085077
all,True,0.000472125,800,10.101091434325228,9.533398614276601,10.656782964974356,8.644076824144314,7.766136648047714,9.495501458002202,8.03401453609238,7.613430740027089,8.460484953962618,2.0106434556024877,1.380370282077997,2.4813803401687653,9.083629859800382,8.463225132865064,9.726868744330817,2.225316933496599,1.5676079030980499,2.705564741487712,4.507411590700951,3.9536815351672634,5.4940640637170235,10.068851674219333,9.556112666620313,10.607299991570725,2.2633682812376548,1.5874244554120998,2.7719190357532515
all,True,0.0005775,800,9.641862483112613,9.256911090583088,9.940588137108458,9.333267298047785,9.063972143537004,9.69960928915688,7.926683541476828,7.5438460317497436,8.31445641017188,1.8593967046639028,1.1770718398851463,2.379987766611997,9.60664130832836,9.158405802157752,9.969353147070057,2.1631113448691517,1.212932198236122,2.686386613966619,4.645588155057358,4.1312793049033125,5.979426012467802,9.744670306711216,9.352268402298174,10.108791729159101,2.0249535261296767,1.3794947579483698,2.5031973852355938
all,True,0.00070225,800,9.812688719579022,9.423569741348093,10.175440503251284,9.149622023063273,8.835628586122105,9.543642578547834,7.946604937323584,7.540216058647057,8.534267833988066,1.9084573418458297,1.1723193076384795,2.4996180169098743,9.545986194110046,9.133672302526593,9.95717431844049,2.096899038745579,1.2362038366185726,2.769749045385096,4.490628961340584,3.860802489110156,5.847074055325234,9.814757981430487,9.236150629676866,10.189346080594195,2.0055989262580844,1.4398095983803563,2.563918341626599
all,True,0.0008235,800,9.887045077584482,9.249893195969742,10.300641502905934,8.745787630506442,8.07613457110701,9.463017546818977,8.13440886480626,7.525168325354212,8.597201188268986,1.7488621423151125,0.5886479950857499,2.312458113468049,9.590678303435896,9.05434986677779,10.04973025738099,1.88311733621265,0.5770829063179964,2.596166375101569,4.711760177311256,3.986075432446554,6.785258680215421,10.015505777422176,9.256119079859804,10.352608905057584,1.8738673452134778,1.3413594582419985,4.153305009023848
all,True,0.000953875,800,9.951568038619198,9.289167919076185,10.359235189413718,8.324804881197164,7.24567840922461,9.526578284965558,8.002696385228479,7.32890212048845,8.338329561162038,1.4785373420163435,0.2505671659165841,2.1514070391464304,10.1804970080073,9.333444769737675,10.899045600549115,1.9148747359023641,0.22695455233920342,2.5952635580127397,5.012185091252093,4.047267773301674,7.2652658615929235,10.088541528359391,9.166665544090522,10.399659997663125,1.6924232062720805,1.2379330312269379,3.916872628647023
all,True,0.001091,800,9.420082743030767,9.164727731225673,9.73494394164368,9.266826191334939,8.996778187407092,9.571513386762028,8.045941114899263,7.644227172809368,8.41306025849013,1.8095630278566488,0.6914903883917908,2.330361087908045,9.602193416735256,9.215196605589759,10.106394567985854,1.9192891316863885,0.45112038303703544,2.408445354872803,4.651684355772366,3.9437987019983827,6.8851300382709955,9.745574424019274,9.336719785032365,10.114139180110596,1.8888069783363164,1.2046105230088928,2.37968501544625
all,True,0.0012239999999999998,800,9.842714209748314,9.41130184417795,10.254564869922424,9.10379316451732,8.778803879515522,9.443673896076406,8.005206325611953,7.574611923221584,8.363248928465591,1.8966147263913669,0.8829916367453383,2.5296643256231435,9.574458238870285,9.131787567839226,9.993518716490167,2.0079937473927196,0.7463264066442326,2.6587230191653033,4.579588775622331,3.942799893480191,6.515603008773239,9.484956688722844,8.913443706579537,9.873794003684038,1.9728734686623708,1.2176812362606768,2.6490278740694495
all,True,0.0013938750000000001,800,10.015411004756832,9.395339508099767,10.324823110735569,9.081320544013147,8.596198672282492,9.46529557558718,8.126448408392752,7.4374030735652665,8.374814088334817,1.6943468089758682,0.18350461117834202,2.2580847664621073,9.577778076616779,9.046630090710062,10.003488914876497,2.166273234859049,0.2071229518998953,2.789092511579602,4.49331914248528,3.8866733233182096,7.368806878761927,9.719567341571349,9.199856987111632,10.153550742197632,1.7895893036449255,1.2053337426378528,3.623843648173815
all,True,0.0015401249999999998,800,9.779031783639288,8.819797933553751,10.131571989426694,9.305482588100894,8.35481632422446,9.595296866724329,8.183759888355935,7.1475462395992455,8.51905452643186,1.3447427923168835,0.176995176058929,2.207088171317252,9.628842318285988,8.579787858392066,9.900068463446377,1.691981831298594,0.21832191332470852,2.466870855181495,4.912594082901646,3.8126248455801357,7.313932446289488,9.671983085296244,8.524570406625879,9.863761356511466,1.7868363041003106,1.416734199642407,6.2212153286038046
all,True,0.001728125,800,9.671473663509198,9.286521443363233,10.013758991727615,8.811219801145057,8.193551196361893,9.34387969329994,8.40133444624874,8.06593550911234,8.630674187874654,2.0653465279223857,1.1243155672966878,2.7938952419505156,9.579552268644624,9.089256921800946,10.153818295453467,2.332357230535616,1.151375005813428,3.061589926347707,4.336599787274561,3.8082463261666883,6.138233947428303,9.382646606215255,8.87196048679651,9.779149686813513,2.0567567018533204,1.4167989475459914,2.723347065334936
all,True,0.001895625,800,9.821373377195679,9.447951842032232,10.124867882367067,8.952692980973756,8.427316989485037,9.425720511750773,8.556079057077879,7.98521404082092,8.828359068154455,1.941420879120553,0.7715482628220389,2.6794563408948617,9.615578831796945,9.15795425865286,9.986288717249636,2.0790248435367347,0.7438928871839602,2.7699542994248234,4.33100284096967,3.7485349910896035,6.814509337269352,9.381124958662495,8.819339156848075,9.764308029220894,2.033101008651668,1.3139148622689405,2.7296204422623567
all,True,0.0020681249999999997,800,9.503792056188631,8.88714187528702,9.851071722265372,8.902622971461584,8.315545810779415,9.58712538881927,8.482798036971175,8.063178431550885,8.724377891294354,2.2166340398259368,0.9242580798475811,2.9066359806772692,9.679046875911087,8.989000111736665,10.132196101606096,2.5089254487829464,0.8805520809412193,3.1416418837514692,4.152879808308186,3.746747295895217,6.659300180763685,9.349253289971532,8.7356969320522,9.822454542174352,2.3707134994317944,1.2566567744567942,3.148383434098793
all,True,0.0022623749999999996,800,9.994536348097608,9.304961174399455,10.216380215480365,8.834305887031507,7.962036937369117,9.560110916576562,7.727959028569662,6.760650687372374,8.35298181081842,1.0253338197180863,0.19905788201979818,1.5755680439905515,10.032735499538614,9.18120899750218,10.399894660856663,0.9611929750550228,0.11702793351977876,1.4656426948406702,6.595074947223638,5.542740253488965,7.821341959771457,10.016939229487903,8.8916590459798,10.21178057621517,1.3530576462683568,1.1439880902542903,6.285654485551377
all,True,0.002482375,800,9.943465126132708,9.093950252477645,10.322247895297552,9.231335136310905,8.57242147344775,9.53918143780939,7.641303525901807,7.204113447082971,8.257272293295351,1.011237148520148,0.20155388546915215,1.5065750316769202,9.742103366964006,8.842873638512616,10.22611531401806,0.8996439671177883,0.14386207194860517,1.4284864390538432,6.509634357860428,5.424215640644354,7.771397462492166,9.935183544946415,9.056454140720215,10.18544487441289,1.328100121970922,1.0959271534871524,4.933186955794738
all,True,0.002669,800,10.195086356931835,8.84026671257291,10.591642843209526,9.07815541501176,8.152893505321275,9.352119466184254,7.347797280309337,6.581727561013309,8.0352415738302,0.39300033496339004,0.20658640072988677,0.6682390522386423,10.158107323512725,8.61005205436758,10.671187820443038,0.2900253131134394,0.15719586843945416,0.4436257215791931,7.122536264025266,6.55429354539536,7.660674277265646,10.184468964430232,8.844206566806818,10.56156645337985,1.5290597842368578,1.1508486551866708,5.647423767468329
all,True,0.0028685,800,9.897213286376392,8.887433528904559,10.153212137885323,9.100591960920406,8.079742064523657,9.584817587429207,7.812524837626205,7.014697824964586,8.079865772961263,0.40167946082810024,0.1999771783158486,0.8311021202334303,9.793772051367267,8.696863045211462,10.209652287552732,0.28333292274796784,0.12059731617745524,0.5730458534382535,7.420736481050161,6.692517142287096,7.612884601648229,9.828256123688975,8.742637636136445,10.119023866101063,1.446127720296333,1.0110882004385808,5.767990331301555
all,True,0.003105625,800,9.795920967610158,6.797072310317782,10.1378630921013,9.154553309793355,6.244735884259724,9.601158822082224,7.836246979728554,5.505604879190873,8.021363052881771,0.35266954843857645,0.17501658346767943,6.122641320567384,9.627601227683197,6.381856172949015,10.021467820962021,0.28025760581140413,0.12485340219966795,5.836038915778369,7.538598400576969,5.505604879190873,7.667946811687955,9.657111989566674,6.3560443723948294,9.996439829881473,1.6167221590214154,1.0133675264862534,6.354663024505751
all,True,0.0033115,800,9.98840967891508,9.228587624760639,10.195047340252845,9.073371283464168,8.178826371235067,9.403979058816168,8.549143682914499,7.3721891967454285,8.828495399014265,1.5608386507854077,0.1729886194873002,2.4555893660763037,9.479767398771179,8.482418468497789,9.895762784929303,1.5634481984975628,0.17205647704446178,2.457494842368735,4.730835749485964,3.6199141722116592,7.722228554194442,9.809992822237003,8.923037673109476,9.98739899058971,1.630356330952809,1.5706211189350685,4.7186212678595485
all,True,0.003563625,800,9.993763071038527,9.244934501576791,10.249427191828891,8.977451706999954,8.310702984945625,9.187380460865636,8.30461705239059,7.563642962416782,8.497736793756072,1.5790839405052122,0.20617200540815353,2.666493176660361,9.474307965779397,8.742394939176195,9.820769714177093,1.5796219439427015,0.2815205003556022,2.666933127406949,4.830973720552929,3.7053008965259604,7.617796342309911,9.941887012016824,8.953062128583447,10.151944338951195,1.6515223972399486,1.502260713358366,4.029015829156037
all,True,0.0038183749999999997,800,10.389644210484942,9.726693777356203,10.700567372588509,8.967298350868093,8.194180486924948,9.3440526217148,8.404874201860759,7.6229531060566815,8.62210186490087,1.6061452665356266,0.19519481026138982,2.4683830762808805,9.381902739678935,8.782406403371317,9.797581824534985,1.6049300995930702,0.16280213958502235,2.468430411482292,4.535694298567106,3.594725652171503,7.769185735873836,10.21951937944757,9.406476764480093,10.475808498940854,1.660452886182003,1.2275548587589926,3.397386864414122
all,True,0.00408125,800,9.976597361436841,8.035166202795674,10.47840378860642,8.767590720906869,6.987968089964432,9.435637602852145,7.666653307409299,6.175415790115755,7.945827699039184,0.3458928756464071,0.15263333638159404,3.584501952001066,9.040485521351076,7.134831059388819,9.601792619569444,0.17895937736298062,0.10334592719474557,3.4092001967356658,7.4734222308998515,6.165857174091207,7.72972373144538,10.164086040609966,7.832487669055416,10.704438011987909,2.4207828730453693,1.4543162705428097,5.813412570662247
all,True,0.004309,800,10.382831031572536,9.862341535282203,10.789937881275334,8.607973703853773,7.679702108807417,9.340606253241688,7.730522370385155,7.305422376666069,8.023511354535449,0.2936235812215838,0.2000739596024021,0.5743826789754358,9.58270561644429,8.972547189613316,10.057980727861489,0.4447777290756536,0.16511620197649873,0.7141595285527693,7.366349689586464,6.99127328230893,7.601618115748113,10.774832365437167,10.164368855699882,11.142044111851556,1.566173709046213,1.086534171540423,3.5441834900837965
all,True,0.004605875,800,10.239918061435453,9.7544434368159,10.608779705780389,9.468760041312759,8.809108603185525,9.99958249069172,7.710265543573754,7.182111458876104,8.005400062420978,0.3479491984286311,0.20112104526080773,0.5145318674656811,9.29222772082453,8.563748630237804,9.789900507707236,0.500261909194114,0.19902449386975607,0.7511093722820751,7.280540683032818,6.778174884222648,7.641327686442767,10.23527804870814,9.646628129225181,10.571539640202532,1.4884156940431272,1.1491092879249725,3.682979706039313
all,True,0.00485475,800,10.10636926109254,9.545387835194925,10.492196294031434,9.733852039091031,9.264132956770437,10.04623261589974,8.04066693458625,7.542635123409109,8.445188291781333,1.3915823926402549,0.36098406810769373,2.121883233056406,9.43765926921196,8.88367348219354,9.962625102824134,1.4166496604897199,0.4572269804281699,2.122435539480718,5.2285938193411035,4.229677898800535,7.276430726669559,9.953698919712014,9.483239862196152,10.232207628110475,1.4489553819683145,1.1294056156890944,2.1444559991281955
all,True,0.005134125,800,9.944922516701988,9.600017602160147,10.229835733066205,9.563919084552253,9.240797325916542,9.918370646410684,8.053217793405599,7.632295684409646,8.38509625293239,1.4938578725096756,0.4587334675282926,2.2385707151932004,9.328092233543094,8.993710706313081,9.625602142334225,1.475212783111561,0.5142930345036046,2.2186683507500256,5.105377651611864,3.8953337674425845,7.353345180904741,9.935395142808336,9.373797394219679,10.293758984187805,1.5226781695705445,0.9103701176537083,2.2506620257157084
all,True,0.005469375,800,9.840429532808919,9.251802954492636,10.326905208140545,9.280346373479015,8.744828404728144,9.601508381132057,8.247645625596146,7.809631459910012,8.589230625437919,1.5114278565744201,0.35726842581107565,2.500366446463254,9.209839624172083,8.702587109402884,9.72097511098398,1.4941524521893177,0.4457652006375662,2.4777298584653953,5.063094703207499,3.7898524643529043,7.590569394750064,10.14937431541573,9.456547042688925,10.462705115307104,1.5343823890114046,0.9121448897222655,2.5092542039010786
all,True,0.00581275,800,10.106046941709721,9.664709418259912,10.388952987699787,9.140070213141335,8.701875626526347,9.402502920764821,8.163740019049495,7.8664659884176,8.440249223952062,0.597723060506534,0.33276561617913525,0.8442625199007389,9.383294540030676,8.954012719975594,9.803526814683686,0.686997215344831,0.2841793291398199,0.9380339722971844,7.196683675347322,6.534228003861985,7.79216702785151,9.951495134711404,9.541987009090214,10.293013070699967,1.000604996748773,0.8269201308388968,2.030277284481988
all,True,0.0061375,800,9.755598549503166,8.539348817785623,10.167493448846129,9.348291383578015,8.31903400025298,9.573087318434549,8.055613192202388,7.163745169238943,8.274050824397733,0.5539784638863753,0.3439555372165257,0.8414607379222054,9.502148945876908,8.511304627485604,9.807548706689783,0.6058560715942546,0.21671748212180098,0.9047848050734598,7.416626992398917,6.6507232853801685,7.861533045054956,9.833397213806576,8.507351200369483,10.163430346262507,0.978262463522758,0.830868108792785,6.424856241607159
all,True,0.00645375,800,10.00304032857059,9.466133445655053,10.32376663870119,9.316220718170968,8.896298682284023,9.66771354814202,8.09353707745499,7.684526347411467,8.331217893427604,0.489610195020215,0.24513824774226964,0.7093422534135969,9.426555683121693,9.00004190044789,9.794911588423492,0.5458845310139511,0.25240020781924594,0.7940335888079547,7.478437050638075,6.8568298490450035,7.801555331672899,9.589438048752244,9.067587899892091,9.903168345426508,1.3026873039216582,1.0736425591722085,2.841624102038128
all,True,0.0068070000000000006,800,9.877654239244695,9.328149767739806,10.204434000411489,9.22157606420793,8.789828329938258,9.665059031917416,8.026268277860444,7.635493037331216,8.26880142545241,0.49011575226719317,0.26627165779590184,0.6847063682830227,9.31995957168268,8.848446814959791,9.579771949204337,0.33709765128352653,0.22099282303485018,0.5504775568810424,7.581668165809072,7.1230961920809275,7.860186316120891,9.851526033115183,9.394330246978924,10.208517689649646,1.5275368792282389,1.1746557845969896,2.72016014276635
all,True,0.007176874999999999,800,9.995906358787385,9.645228553246211,10.251121577537411,9.25073063645313,8.963994364526869,9.71780253601241,8.184263289828753,7.8980284038825666,8.425315390205812,0.699545906539729,0.43801578766351856,0.9383526966652573,9.378845806640431,9.060771790081278,9.576299186168123,0.6179857347099204,0.33357869010741603,0.8262824162649168,7.283513630076836,6.570327483984099,7.789127008529814,9.870902571892378,9.399451485398925,10.162369086787495,1.211894961866249,1.0137198699875234,1.7763986231557036
all,True,0.007565375,800,10.18709246332459,9.811885363188333,10.46469009929841,9.302813601482267,9.048311075456123,9.679007812257646,8.196341683293038,7.9395216173733925,8.368225222978877,0.8534479948133002,0.6100677846582385,1.1481488326480365,9.118709696026306,8.843027501317847,9.352776272149667,0.6970164641232796,0.42233544162255787,0.9178495803213628,7.012360116075373,6.325879106693032,7.615251408356179,9.985491244973632,9.583845441837992,10.222776694613085,1.206621343015461,0.9658025265133621,1.4476274637562325
all,True,0.00792975,800,9.84531555621071,9.278686027000441,10.114000375569763,9.065769685154384,8.476696329159813,9.64906168065253,8.602170705294796,8.121837214951544,8.718667330083013,1.580607565058597,0.7113846391007976,2.5112598558758052,8.914534932926685,8.150201464336206,9.519893352815773,2.342231763494231,0.6205894002023676,3.1160405991199114,4.547627204900606,3.9173388312732116,7.308513141873836,9.815321638384479,9.154727850791348,10.374653152098462,1.9914715105826244,1.0788863449805568,2.932695911776336
all,True,0.0083155,800,10.217945903689793,9.489968637932687,10.706700584616685,9.703950812192115,9.03487264953917,10.254680298445654,7.780642077209357,7.233148019928672,8.413742353290731,1.479106750948203,0.46856125167629203,2.466014765889505,9.01274705216414,8.13499161695072,9.52723743705827,2.119226230687802,0.31029905006453656,3.064609017935933,4.503115815338669,3.575260976174735,7.434162935822309,10.010568037496443,9.212996087313481,10.605138237355845,1.871184354111868,0.9655946936742427,2.8488151655726064
all,True,0.00874925,800,9.792163232983011,8.953181157838197,10.343740545872695,9.604037486291556,8.62404517544627,10.138141872576725,7.7579660680952385,7.055142734307437,8.296948516448351,1.635389956762203,0.31735590163588284,2.7238266587593762,9.127116805047864,8.265372170078567,9.549360916361595,1.9546950194627009,0.23827525410309577,2.949113633497017,4.580425754936424,3.7147295630991772,7.462765984800526,10.052587350195859,9.25938042710012,10.371618191042465,1.9895202483738499,1.296273940197258,3.5760548993396326
all,True,0.009260500000000001,800,10.268459350709632,9.497422326717421,10.792540250275984,9.722435973318934,8.669432145298234,10.285386263129483,7.4771215844796135,7.08926674192889,8.09914667977795,0.4893870478918236,0.31459022361887445,0.7276022949859112,9.4115551901957,8.91484094228483,9.715146531883757,0.46457956566997477,0.2599087089776354,0.7256227484979,6.969120142203268,6.478651508254087,7.501806694066409,10.243594128510809,9.565620172978555,10.793917228116618,1.2488615374909857,1.0238181238857766,2.7655798345972222
all,True,0.0096895,800,10.199034914188324,9.552115156164488,10.68825350578839,9.374109968127271,8.790017850526285,9.901906019416067,7.72422839775502,7.483366733840185,8.269403719861753,0.4901079087335373,0.25450543269846215,0.718063199478204,9.200730648086623,8.806784983283961,9.55801533532297,0.4873567638123822,0.22396107131753487,0.7098961643133941,7.324707556608431,7.003267309020318,7.866150222754497,10.400186651953362,9.84490351268452,10.929585206944905,0.9532178254083753,0.7557872351617051,1.7053359763191487
all,True,0.010211250000000002,800,10.406280947948874,10.079538547438633,10.750536748372818,9.06250383392386,8.70997089732239,9.510959766150918,8.3289172030866,8.117676892001091,8.52060575985038,0.5943579524435519,0.35854242203733633,0.8330768859798563,9.062986496668342,8.780022531097966,9.428182828679908,0.6170750925284948,0.3478761709989091,0.8543055637061254,7.360353960210336,6.69717990363731,7.834992749255246,10.01565235202193,9.611235438997184,10.336852472618416,0.9010501997159334,0.7860162634670602,1.270950053075079
all,True,0.010801375,800,9.916313026575544,9.50466527561201,10.269716686182809,9.002177920996829,8.669661146522014,9.400113845245569,8.386380670583842,8.144599260145338,8.629271368075344,0.7522635065909133,0.4888780338325922,1.0268556065983652,9.152651416682884,8.834872944160967,9.47832089762587,0.7351940175422896,0.4805853411348416,1.0170835543977343,7.203137309895193,6.360565095969764,7.735841747495797,10.026284054468073,9.730318713801944,10.411905803489846,1.011541176691629,0.806678017885969,1.2307010800699312
all,True,0.011400375,800,9.851951864693257,9.480977364149053,10.23054668906422,9.427095438651472,8.806013302186756,9.81527772288111,8.37638396762417,8.174429004037547,8.650096658613483,0.8606400002699074,0.6092962282824549,1.1737618367840228,9.086480333611545,8.796093010050297,9.432904095687062,0.8204631061499136,0.5070021243105276,1.1475046156637694,6.813988560637546,6.087835878360601,7.513249157872967,9.970445714467532,9.685977961960667,10.209029027495104,1.1960783172499678,0.982731147920359,1.436303671701168
all,True,0.01198275,800,10.18135232563132,9.858678901736665,10.464697334668365,9.351375551805182,8.711989287217886,9.706292708378802,8.353417944959347,8.165234899115395,8.606303498053462,0.8116234954657889,0.5903279904487769,1.1075964248788868,9.085815582910135,8.881502442300713,9.37731649627441,0.786039889396585,0.5260745527213408,1.1129442746763922,6.764698289024397,6.002311004217395,7.424685672028196,10.00322593382615,9.685749720168022,10.331032438328899,1.1697757344713096,0.9552338359125871,1.4082638760817119
all,True,0.012702999999999999,800,9.950665935034184,9.598718050688467,10.23216094450174,9.293842342264856,8.93249448050987,9.545543000193295,8.26452778878847,8.025687030169575,8.445141920433032,0.714384348064563,0.43987684082483575,0.9921853514880723,9.034144678865347,8.77981537740143,9.260434483600813,0.7240188998635068,0.4253580482889886,0.9737485162555689,7.009291574409085,6.438087369200259,7.700059710468621,10.030987657577661,9.730891688698465,10.344139236477254,1.2059316234637023,0.9550495190264975,1.6770455712335306
all,True,0.01341,800,10.568227341948578,10.014299277239642,10.960268315959828,9.01741623198623,8.644926766185884,9.787548915276444,8.282006727128236,7.968734823933696,8.42234767473007,0.7833562893214413,0.3777002205734295,1.154386345019176,8.733388938748819,8.409331714653598,9.001649237295023,0.7155429882411299,0.3560148479075688,0.9693177331001689,7.143828834330305,6.458872393171714,7.7393800473822045,10.319970050367806,9.794190587074054,10.62356151960125,1.026227746444306,0.9583612672301083,1.762728784038516
all,True,0.014329125,800,10.498543840477872,9.901188438272824,10.870761025244972,8.903678541454028,8.389657102997216,9.844952481225246,8.288442967976927,7.976806095619047,8.45195447913909,0.6092603251484052,0.27672075078605146,0.9907657645022174,8.792215140055793,8.490614192494132,9.080365678983474,0.44261327442865456,0.2266340181438463,0.6834812970298422,7.503777857393226,6.637312869927553,7.933708444020286,10.140710514789959,9.647322835204767,10.416340899652862,1.20566132042301,0.9152039550737473,1.6610933326382202
all,True,0.015186999999999999,800,10.382401583093506,9.895585994058106,10.688527809208873,8.702483089911087,8.080303143184418,9.93303851697004,8.53090771463329,8.159471310557999,8.740762239581603,0.759930738558856,0.448725791182898,1.1153101767251572,8.930199568839546,8.56124654809654,9.28953040059651,0.7000032486825702,0.4670382796688768,0.9744716725513665,7.0192906868445135,5.88751493864271,7.742102894118151,10.365255121286685,9.853955828773746,10.766833009257688,1.0707516203028586,0.8626139061732213,1.5033750965648622
all,True,0.016124875,800,9.837537131833338,9.50547986703122,10.077738255760428,9.622557997974091,9.33238637142854,9.944804722668675,8.332191873757818,8.104230618978557,8.646879428835062,0.6284635503009584,0.46088289259969417,0.7936287157210448,8.99414995333129,8.653891767559923,9.221222877291837,0.671008734268922,0.4840194293642283,0.891197787856259,7.3351830538411615,6.535594844769792,7.870497900731283,9.822712198191116,9.488418597401656,10.117225546209525,0.9796887000414337,0.7822355374180989,1.3093667623972285
all,True,0.017154250000000003,800,10.017644897639762,9.787860463961303,10.280919712796873,9.588085535952791,9.23139346221381,10.040396580748622,8.346089996473555,8.02002537342848,8.64610032137188,0.6997070908562059,0.5365207107056668,0.8541377379269591,9.310324053359281,8.996518336755116,9.594167422494394,0.7646638561172663,0.5468822514236699,0.9562833094609199,7.041529925982644,6.0644294951195885,7.71508341122681,9.81721616539727,9.56116281789312,10.11597773085151,0.9400586865659637,0.7937019896974146,1.232973666901081
all,True,0.018253625,800,10.083884460146345,9.745652996266944,10.294027417103237,9.587379728621915,9.322677676438593,9.95479380920616,8.323422541658196,8.128462265947658,8.595470845020971,0.7063292619671847,0.5515186649834497,0.9312900807919096,9.303347831247773,8.955234411548979,9.627854818038017,0.7862940559088397,0.5506911511474055,0.9984012178565269,6.912657525173104,6.036821027369477,7.568523242932116,9.899703672700339,9.574782861332976,10.14930144775912,1.0737743552440924,0.874241849900441,1.3163534768893081
all,True,0.01974625,800,10.32447441424889,10.032448310770336,10.59182991597354,9.500576413292706,9.16155039021273,9.798557388514913,8.281746060199058,8.016532849638821,8.495028963653048,0.9074834650032563,0.5918420560891386,1.2101508913283503,9.368426801105672,9.068988526295406,9.605278617445789,0.9301874596946298,0.6147329876211705,1.2231844499344042,6.099066846657946,5.374868525317326,6.985516099724588,10.14243270396248,9.890110101041321,10.367395862025026,1.175712081489289,0.9793824516991277,1.4148620252508042
all,True,0.021413,800,10.33480977986639,9.993831883631183,10.697057158293106,9.262809213987909,8.834639758323645,9.659673000734298,8.490606995565729,8.238158659774742,8.712623801192477,0.9632511178539105,0.7257949249584996,1.2821486267386832,9.173270130274519,8.80428385559137,9.54477215010492,0.9666848866140179,0.6371938181674658,1.2386295692196356,6.195922955199946,5.440861424416132,7.016065786962745,10.372026211867105,10.007936087587648,10.637391664349037,1.184478510119022,0.9448627229915345,1.4511059033535314
all,True,0.023323499999999997,800,10.394366054840578,10.149954632016009,10.73383374364589,9.132967895206173,8.795271226194872,9.460738962993853,8.444039868263005,8.274877009207682,8.665833112964098,1.0443572468927047,0.7894402907448363,1.2797451230335242,8.945300421742763,8.643723733917007,9.251471922598691,0.9596338754093164,0.6582226541638879,1.1477853760859469,6.179182221478833,5.528741557525177,7.1096124843006425,10.648025345924763,10.273161826103506,10.991514445523771,1.2686678957343303,0.957161070205721,1.5799198639705063
all,True,0.025398625,800,10.056604785430851,9.793995037648498,10.236920754883739,9.086426512417496,8.910902668174865,9.364267629694572,8.493125365496061,8.331612291263285,8.688260850787152,0.932414650204171,0.685061578718704,1.1409243491457264,8.915852678439002,8.636158083055898,9.195056198269224,0.8577247428717251,0.6279000631798844,1.0280173680599292,6.793475882496855,6.131553813204241,7.443481468137858,10.517289424303506,10.123522963920905,10.81906664428209,1.130466354969881,0.849046900921216,1.3927236659875855
all,True,0.028628375,800,10.100151645143345,9.703301960941575,10.472917436323513,9.420035337033072,9.192766281542413,9.746433417674874,8.46896155757298,8.305453629495823,8.660097843284133,0.9197218563196213,0.6135632027341736,1.1607141631149065,8.78034671740874,8.556216170999475,9.011220940356196,0.9167034703317813,0.5766105622339243,1.1489874350365905,6.600081157385246,5.976116431895804,7.50372731695478,10.153058648791594,9.91437856535499,10.369503561385065,1.1668668290100108,0.8913012697422064,1.3595301440034453
all,True,0.03229675,800,9.974276662479586,9.708264007326063,10.239927219033085,9.220300472184997,8.94898171585469,9.640139520304569,8.545349513914715,8.353857217858673,8.74395980903119,0.8136782688973655,0.5534982445940322,1.029942859820184,8.737628944118727,8.445553096077896,8.98718672233377,0.8323921244029429,0.4619261755034728,1.1025300054711307,7.13698735343754,6.371123243404111,7.856978263442564,10.272796664530365,10.034716246776524,10.518820856072034,0.9967179171040168,0.8245280522315445,1.1841071944767827
all,True,0.037650249999999996,800,9.13261983143318,8.915269433110945,9.357173010259862,9.679565814035843,9.46379233170313,9.905141233531781,8.33669511538243,8.20349617159569,8.45945073412054,0.8139681555382867,0.4670868720282505,1.0985488908790886,8.811794422320633,8.5134272797864,9.024505110725721,0.7699440944804421,0.36942103828579576,1.0862733347473525,7.349775598124304,6.6942703645961075,7.931661254423548,10.513031644993308,10.312016892858615,10.687158736836269,0.9800920183948606,0.8594308685634414,1.1720078096777569
all,False,1.625e-05,800,9.213165159450716,8.94723346563595,9.404334513637133,8.561379655772253,8.334161008712563,8.723704654920615,8.68462789958391,8.46148628168581,8.865290358474333,1.413257027651011,1.217162318252869,2.5682452123130637,9.442200997024583,9.199740990630659,9.677035149781224,2.1709482826159165,1.4463619402637677,2.6301745348302634,5.101350462015318,4.703707221987056,5.448340432744628,10.333053312762127,9.999699061650524,10.57650756428107,2.793380339663169,2.151266686414797,3.60742304714439
all,False,3.4e-05,800,9.237736917473537,8.95721716461308,9.453582110583046,8.608407556536129,8.393767903047097,8.795404677662155,8.44523573565549,8.233782609782759,8.679461311270964,1.922469191750291,1.3573714067305942,2.369441399136075,9.248748526788345,8.935486731514542,9.49800411289314,2.3293162933459857,1.9151208744574575,2.7028842199827614,4.590953251492948,4.329096549052406,5.030864030787956,10.269911400214507,9.979654980392931,10.552380367471695,2.492471856480493,2.033905568428643,3.035369121165182
all,False,6.2125e-05,800,9.39335461431754,9.124393537045016,9.615093242584198,8.73807944576049,8.511068622112235,8.957847082358498,8.40225122910394,8.136272590500319,8.612486117911711,1.9569041827379106,1.4792096786883524,2.326973681737634,9.486837999125624,9.177644575574963,9.761695564551047,2.245390588995323,1.6958599408575727,2.670708237560673,4.513422110066995,4.222338821368012,5.101008190227261,10.134308057526127,9.790130267333561,10.434842425115802,2.3615816618483483,1.9058716759911998,2.8297192240220967
all,False,9.7625e-05,800,9.259519079047902,8.993012144653125,9.468215350779024,8.66172827174869,8.439301066901226,8.906954889618893,8.442641696052412,8.219757739747095,8.588485362611916,2.088329311162105,1.6563629155016506,2.4582594117872016,9.353854992402264,9.058465063270404,9.62837844746166,2.2650654692442407,1.779380451164243,2.6670924571952477,4.435630972418722,4.156966199283113,5.024322672933443,10.091317903451268,9.749679102129367,10.359820044368877,2.388256717403239,1.9794535962375488,2.7198266112548968
all,False,0.000154,800,9.375680345615896,9.174441851973897,9.575359882463488,8.934064508212671,8.764757467943276,9.082217778177178,8.355600372192319,8.143842228433927,8.605272997728799,1.8382759413570506,1.4344078904921034,2.2132878080229514,9.281217708543846,8.91992167316883,9.57202047097567,2.1044147421338066,1.6893008376699707,2.498154275101216,4.633150178147149,4.206275935172068,5.233361914204693,10.189012266021837,9.933430879386785,10.406730901984675,2.0309092583689616,1.647622871006746,2.4628742831743966
all,False,0.00021675,800,9.689698833199662,9.441833920889756,9.852837018952709,9.034227726501177,8.739229153925512,9.199754247448286,8.189973831086048,7.914692070288563,8.530044298990395,1.6064008300944481,1.2935708647242252,2.035800292180265,9.461157378704032,9.146564262230067,9.694552490569647,1.9352386369757149,1.3963070160327569,2.3844608523224644,4.799887586742522,4.295196982548219,5.432985484343304,10.265102142920744,10.012387648658216,10.425913407076743,1.7411295325229563,1.4451810442107271,2.1231376820312042
all,False,0.00029125,800,9.973306633540576,9.702782019805353,10.215206556849642,9.222517879693607,8.908349504270817,9.461516703249028,8.010283226063054,7.63807026373131,8.31374025261109,1.5063374713230442,0.9635454132685372,2.0596141775288315,9.5055581751169,9.168593856629672,9.798506153902412,1.7386005632320745,1.106880588903057,2.2234599929511654,4.779884812090924,4.174580015939386,5.812513246313859,10.356396586382685,10.091309754385035,10.624963410258701,1.6503894749275665,1.1789362529122753,2.145751162934856
all,False,0.00038075,800,10.116792414638823,9.873829725308628,10.304974200446912,9.159655190159935,8.892898001658237,9.349658020015264,8.059015743585494,7.689000321276684,8.425710760600705,1.539571465234107,0.9449454128931585,1.920979632409637,9.514380779751322,9.242826012686123,9.743788069054645,1.6076938663028937,0.958274769797287,1.9460121088107725,4.67876402497411,4.0606963151772515,5.968199530566131,10.424858279059897,10.160205809201543,10.652536967315175,1.7445803328241558,1.3134826980725658,2.1059562652049455
all,False,0.000472125,800,9.99047833371084,9.7316770480543,10.208124051822853,9.196963331505524,8.864373327339392,9.47037880669756,8.114399136964824,7.734121712253105,8.444497007312057,1.6516194692439496,1.1494063248594337,2.0312643822298835,9.507177555282274,9.183533000035727,9.770381908232453,1.8117535498604682,1.2044255016019008,2.2233775533762214,4.3946921119088,3.936025291875894,5.293296982930357,10.347332660549188,10.04827766994466,10.576415071883874,1.9404237880737079,1.4834966653720363,2.35753325139628
all,False,0.0005775,800,9.926276131369614,9.691910716630565,10.091231595219973,9.462499286132472,9.224020261561165,9.638987857760672,8.144936180091786,7.8862032137895515,8.43558553749857,1.6039199318713824,1.190443948367453,2.0816604828453285,9.670579756410245,9.441268191674904,9.82202099180912,1.7533625712205176,1.2125274389516263,2.3040030305283845,4.449816513909102,3.8819211437655237,5.404706958020302,10.152932215905027,9.828087809103701,10.32071068608624,1.8968814535966456,1.5014151023830695,2.3172877886598062
all,False,0.00070225,800,10.066760234069754,9.86975697282211,10.222438707919,9.31568479657053,9.04097992721137,9.548420786216363,8.152439455887333,7.820325673844906,8.464774268444636,1.6726474754342833,1.0646313093606146,2.0031002351289127,9.726270453295372,9.545577321778929,9.928105709014378,1.6953343063732724,1.185046798469221,2.0571526183806923,4.277042331074087,3.7821641563817825,5.349098971416404,10.168954567170143,9.943110482933765,10.391846806050989,1.8700129876260982,1.4406641251573256,2.206160560847532
all,False,0.0008235,800,10.112253225778876,9.868051672412996,10.346025737608242,9.264079402702615,8.885190591970602,9.503543688156299,8.216328907082058,7.895518709854196,8.43790662892563,1.5791516316168999,1.03701759919898,2.013571396103639,9.852428505181827,9.646649833476442,10.066066949047073,1.5089258097273648,0.9755156396967387,1.9126633856294502,4.415343634718827,3.8000419011077398,5.552672078454958,10.168390798520699,9.861743926046195,10.363076614200084,1.8478618681641898,1.4466042268725101,2.326098510037282
all,False,0.000953875,800,10.085197395678758,9.848245391600969,10.205624543807176,9.267843818686146,8.925189766662026,9.52525641530992,8.11421821025555,7.67467585985615,8.447189956440068,1.2470028680872487,0.8409517162700897,1.7296771298591769,10.00526553997732,9.717375046158141,10.216779548728509,1.45381716767237,0.8481639416682907,1.9503581410378912,4.7276625495152285,3.956332108611775,5.938795730298854,10.18068226124022,9.915655505126624,10.364060237124123,1.6494737837536828,1.1916860371547109,2.0697708543646334
all,False,0.001091,800,10.106797812028395,9.881197665770543,10.292393343736967,9.355413016275133,9.135847154469188,9.532659631155132,8.081600593471505,7.699845308536435,8.346929683888701,1.303566688072826,0.7473089503521819,1.7605516150459406,9.890653230801538,9.623107458395165,10.072573000669149,1.3859127317739806,0.7618332564461259,1.8677399384217188,4.886329441862388,4.195128922248253,6.207250888904157,10.148907493485702,9.90257727506824,10.357305615283899,1.538159945824134,1.1013949814474506,1.9203442108896966
all,False,0.0012239999999999998,800,10.281394055004274,10.095347934995294,10.477231694300539,9.111078117009223,8.878360546027224,9.350676740094864,8.096370284514705,7.721581079230948,8.394520284591186,1.4729306858856004,0.9077049360781922,1.861135225429737,9.984086214252109,9.698096620138212,10.188917100426373,1.4901931649069782,0.9582862895795439,1.8841253228723167,4.538461937792727,3.992362866901046,5.593375521488828,10.208731938755598,9.981669308671119,10.420296958892445,1.6589330904050241,1.2087810765597649,2.0080019315564543
all,False,0.0013938750000000001,800,10.335576263444285,10.082987821064917,10.485850176877497,9.034824745521254,8.643872602814723,9.381572676868558,8.118976989280949,7.665939660411745,8.502083063456523,1.3703261154975521,0.8533890792996643,1.8519167107522376,10.002309325866515,9.710732009626124,10.257870909239957,1.6146343824879252,0.9452529945678232,2.0625265235852073,4.4865002480435425,3.834701808756792,5.889072030306685,10.339057170718243,10.09783667527814,10.542655253998626,1.5741369803209357,1.0686879093686927,2.123709473448457
all,False,0.0015401249999999998,800,10.098444411972183,9.870458874070007,10.219714037120243,9.521925727890688,9.281276268939617,9.656193328510993,8.361322322902096,7.917951238268143,8.639816706538243,1.2203795539942255,0.7757489110402824,1.678587068417376,9.653861692842792,9.442437299666944,9.841687560583546,1.4592948555926462,0.7176235806169186,1.9252570007633334,4.5304790827708805,3.756222950560142,6.231366757488643,10.116929848050527,9.877470479558824,10.21770443798946,1.781532315212931,1.3722191120321117,2.4166573385946286
all,False,0.001728125,800,10.216508477420435,10.024521914269007,10.312293424628933,9.428371364259737,9.204471092550792,9.668862279461129,8.466397788240524,8.118103997877583,8.673617297742178,1.4956848467602868,1.0424620079748241,1.9406274349780945,9.712824629254289,9.51884579026662,9.851394467587458,1.670197736557778,0.9901849269570779,2.142539070970321,4.178190408625804,3.576759072122296,5.230467938647623,10.092245678367167,9.846294052299601,10.251959592739613,1.6977051174548725,1.3580517971759702,2.079894385737172
all,False,0.001895625,800,10.229232737161924,10.032004051717292,10.354243585081845,9.558172217042827,9.337958961938352,9.726499523748254,8.5069067333794,8.18054397559914,8.734733745223247,1.5395131769057324,1.033034864539917,1.9810982410075817,9.67225508221494,9.46030912253016,9.825247232806044,1.5970861954788447,1.070191343052284,1.9909305417421457,4.164167879952113,3.6458307143366335,4.993391162737583,10.065790104525336,9.782331976800634,10.20561441892352,1.6774006693905754,1.3192066339502322,2.093408263618445
all,False,0.0020681249999999997,800,10.206418396403038,9.94402685079669,10.360445980461,9.473469695688543,9.182646690580755,9.708622210574655,8.42218758317091,8.106885229657662,8.741246347247055,1.680392241346055,1.073532763887295,2.1541937753999405,9.821037733106719,9.529068525560186,9.99798881091222,1.7505745544733524,1.087437488576887,2.270931420088022,4.053010488806362,3.53567974331963,5.157496674129348,10.090924922056036,9.799710766158498,10.26057467653131,1.7586628345205084,1.2613542544025067,2.202015958263595
all,False,0.0022623749999999996,800,10.443792305033547,10.189501565016428,10.617102574367765,9.353484965674424,9.073361070124546,9.606123814184597,8.190330942086948,7.718665156695201,8.57230228397215,1.30196470917932,0.6604557461691372,1.738851437981323,9.953885804499361,9.681338520198876,10.162491455682925,1.2045030727311414,0.6593982646378426,1.640873881436914,4.644171955980418,3.890374038081986,6.442995625991667,10.28469819358552,10.06395059714966,10.414517775609564,1.4833782364304984,1.0857500871604948,1.850808909747899
all,False,0.002482375,800,10.388707576748276,10.158876460956725,10.581395095035466,9.505568206188771,9.118227224517101,9.76657283302273,8.228843037014832,7.749498385755169,8.574397203330605,1.4719293243628537,0.8387259170751609,2.0063600825380234,9.793994724786907,9.54100769069183,9.955884384834222,1.3429849891967072,0.7815147071325002,1.8175833082297683,4.389404090843759,3.7242164300348795,5.745005102544774,10.183838418991344,9.92853973232825,10.372157673726743,1.5432617073688548,1.1780599656657296,2.0061551833211144
all,False,0.002669,800,10.407368452830855,10.198824734596146,10.587931135450257,9.689705505322783,9.50149839826476,9.821708002251164,8.248931959178671,7.604503538629474,8.609529351379326,1.3333034529917682,0.6617353053807061,1.7573811275819151,9.732938062350007,9.491535230039164,9.884428912826113,1.2337963307138047,0.6598522868042487,1.6483585968360421,4.443734155552726,3.743050083121508,6.3024353007146985,10.179171766396342,9.944681433650768,10.323440362204098,1.5149636314801764,1.0949694608393832,1.8899245306174093
all,False,0.0028685,800,10.268282294808435,8.301499565986054,10.35507638377412,9.681923890487077,7.819221381220159,9.838366557788678,8.356399016919113,6.632866241545409,8.620908352276182,1.2296777779495627,0.672821584437841,4.092168319940379,9.696873567694515,7.7419223233704555,9.828594343415613,1.0964741819247072,0.6541813385207901,3.704979114922675,4.77983802476762,3.92332373660234,6.552953736972069,10.107263096304266,7.977331647728671,10.200810893025558,1.3884397104923767,0.8932243822944158,4.112914262214185
all,False,0.003105625,800,10.26337746992235,6.819404434993467,10.353495346647069,9.662120973162287,6.4595219157343395,9.795210369442298,8.192355741105896,5.411059841664075,8.585613692382367,0.9529149997995093,0.6604326323552778,6.212178467778292,9.657451717859153,6.192808536776612,9.838396105098141,0.9108655138829318,0.6586126971219457,5.656669264741369,5.305233408345758,4.190343836336429,6.564016681610864,10.129231288988807,6.245761149637309,10.240948097553915,1.4516561944125828,0.9775787537611575,6.114868439655099
all,False,0.0033115,800,10.364322750402764,10.155020704204587,10.517260925456569,9.53560330352379,9.182353611189178,9.794114854887674,8.321077476494542,7.924349842551196,8.593254515916403,1.2271755582610768,0.833777280837253,1.6637128949695439,9.661473166438347,9.483870720940796,9.802721016197667,1.289710642395463,0.8486563490059582,1.7197928508325897,4.663135282480656,3.9473628401707255,5.829522182854395,10.118540802857549,9.91475464645763,10.221025009179401,1.508333690075954,1.2273818800296328,1.9507650714516793
all,False,0.003563625,800,10.566840953709248,8.501495265825573,10.75476042807582,9.224436504760185,7.370882721543136,9.697060838735972,8.151466825622748,6.471525392026634,8.453285968433853,1.1787325606560266,0.66017224843855,4.066367342203662,9.883431594182415,7.832007094392036,10.041457832869966,1.1437191317017152,0.6618680342824171,3.9051524939594993,4.804750317905797,4.0279257331198055,6.609136862412497,10.2105368615874,8.008451257250341,10.381086080480383,1.5257321725253907,1.0577749468678128,4.227052166861651
all,False,0.0038183749999999997,800,10.494626684104277,10.176312826406198,10.71642067041223,9.104034068150241,8.507091749503518,9.495256195970487,8.253723101660201,7.824787920470499,8.560452713630742,1.3760561050646876,0.8321982269160721,1.8527375166237356,9.88368724197288,9.563961256535707,10.062087587115004,1.2135543770115196,0.7614392484036396,1.6747114754680084,4.604513816172914,3.9174194701239466,5.987987346700018,10.302563572602107,10.028578223293687,10.463588873581752,1.5416305012615665,1.0521988406293283,2.051816475870373
all,False,0.00408125,800,10.481973914916763,6.865018333113857,10.70860107036065,9.198451347808986,6.2201813794295155,9.618940301711886,8.13184522474122,5.421412378628567,8.495135524140636,1.1217822306887941,0.6631818603759094,6.253696677679467,9.802425916863983,6.225805825996836,9.990081448857039,0.848490020321948,0.6620728459333913,5.803272061564585,5.442193640841213,4.4063707506978576,6.639278964049163,10.368753900922455,6.261211765166188,10.584973340926823,1.1589663946472004,0.8584861476391773,6.106988039567568
all,False,0.004309,800,10.509863942233343,10.241197716275414,10.782883501401004,9.27079005718565,8.631320490406539,9.8041938528676,8.302774865089354,7.972792818687133,8.485218928023654,1.327105819149476,0.8751953469409729,1.7218987585646808,9.730108971687306,9.463520591762054,9.972749154262948,1.4155444184161112,0.7774653629330345,1.7791861646433964,4.447504871288835,3.8853572085236343,5.841565335031561,10.396980770850087,10.111592931647287,10.674148829203904,1.6802224304752267,1.1178296861971135,2.1085809307576278
all,False,0.004605875,800,10.26010440224951,10.033986141576593,10.43231446805131,9.707596966057086,9.454225513607215,9.954536012120283,8.413631824597228,8.227048028785338,8.613937821386287,1.4623200020595393,1.0891106664973431,1.9695044775836488,9.420209809035894,9.230023023777576,9.553309495018876,1.6556077127280238,1.0383583127616693,2.082406070822001,4.155905310394672,3.6558130935478417,5.049239362620021,10.089150476310191,9.853636704834656,10.267933409587757,1.8884595681025518,1.3973535206594647,2.283666649614692
all,False,0.00485475,800,10.156100005713053,9.872505239381617,10.31872892793526,9.542413106816166,9.257591412753849,9.782424844757294,8.45735861497704,8.272933628877032,8.623024265633566,1.7770413391815283,1.4582786449612328,2.1653430392908564,9.39196142118237,9.18740916242471,9.56345738749921,2.0429942255683136,1.538559740624054,2.5128158913098124,3.7663803169953223,3.5286176617095153,4.134468699632125,9.92633986668083,9.639059293471298,10.12680834858095,2.108045836303406,1.7283026803072423,2.491290381595677
all,False,0.005134125,800,10.037653596520736,9.84543136652367,10.219145844111727,9.449904629580587,9.157199872959549,9.658083310421555,8.442234880332492,8.267549102090447,8.5749187988946,1.8257814837590807,1.4020243205723655,2.134630201318043,9.399284185945469,9.170781298797193,9.6043943553613,2.048007481956537,1.5416823917881923,2.490344495764093,3.7715021344083914,3.5511182365031195,4.326000567489073,9.911511122239615,9.591301771221861,10.151270261854368,2.028196014049029,1.600074110220585,2.3815555467595004
all,False,0.005469375,800,10.307547676808205,10.115360870534165,10.519229903031444,9.2847932179344,8.971297373754943,9.595564830805865,8.468408421234805,8.200392698532145,8.638442172179447,1.5794060105332453,1.1226525276842139,1.933213695571384,9.602918774745623,9.39471994520142,9.759535738441619,1.8604069911147627,1.2450270737799645,2.197560598264863,3.878213962844211,3.554755414874993,4.756719195807077,10.188375528240426,9.971352167200273,10.448865208018029,1.8019978457399979,1.320860316201141,2.1223867830290186
all,False,0.00581275,800,10.313181507619086,10.03052874158724,10.518354271687162,9.368988402876353,9.052246472632367,9.620425790727655,8.642884440822819,8.290100475501289,8.836587028469987,1.4631645623811103,0.8965223464966,1.9185048706427814,9.556845119374167,9.378429784090404,9.690765922269906,1.5852290281632628,0.9062630399479261,2.079740112751002,4.118323442906788,3.504284242938812,5.733042441501627,10.240512468926037,10.003143436261922,10.414995373964018,1.67120922249967,1.1085283542429467,2.160724144043785
all,False,0.0061375,800,10.365520817603912,10.157659147415348,10.488022570185631,9.420121408356502,9.058765570761047,9.723385652833365,8.606620100711389,8.175461414118784,8.881996335738236,1.300642737103776,0.665140396966661,1.7785264149809332,9.60827181040387,9.330090302862208,9.724676026670569,1.4034801378577202,0.6549530390913503,1.8980118067507608,4.620703317233709,3.8451895733425934,6.663084485733786,10.247672995658752,10.007508761669163,10.357997709925693,1.3164869313787888,0.9879784448393173,1.7928067296136814
all,False,0.00645375,800,10.185821439895527,9.980741504171029,10.331446270806767,9.625553248988528,9.41050001017151,9.782701255673667,8.72151994037535,8.458518932693643,8.865019336982758,1.5699117798138873,1.043052110549358,2.0389316523601,9.476689034324076,9.244858967608149,9.61421809144602,1.6157335220399156,0.9458209862980161,2.0936859327077797,4.137175716537581,3.6422676569959522,5.34031035840469,10.048084829969637,9.846544451193026,10.208898749194605,1.6937136564199033,1.1871857449107952,2.0894011689945002
all,False,0.0068070000000000006,800,10.349248188212307,10.12223372550065,10.421573713109517,9.479662795486453,9.221567704865976,9.661170090000429,8.66887727512865,8.374666245710461,8.819966984142297,1.6484346766849913,1.074097228238321,2.145279081907673,9.42793872569102,9.198505818264984,9.600682691787942,1.3451456598299925,1.028890838044408,1.808022210142434,4.361255835009774,3.8416068946226543,5.316095568792442,10.19324063780366,9.958374486181578,10.300148263063614,1.6350865513288442,1.2842640712337157,2.066287407142876
all,False,0.007176874999999999,800,10.22692899174498,9.919662640061158,10.535582294511784,9.229980810335995,8.911776618200355,9.512238843751199,8.668870503499617,8.459941449872641,8.841073077220148,1.9400598346258267,1.45535700094572,2.3884957228998958,9.347109967864647,9.15312424972887,9.52447491222462,1.8498664929780633,1.3021321672028932,2.2371707996638768,3.8997514173207377,3.5656211102810684,4.579228951677699,10.030144191261584,9.772764248260831,10.293350068538913,2.0433729651815313,1.5682364505779411,2.4162865283063497
all,False,0.007565375,800,10.344445084260833,10.049186712907959,10.576318268070436,9.074181641771853,8.712126994431026,9.515055046437276,8.691233202257477,8.381911257942864,8.846953124622443,2.019021438903686,1.2440217494368653,2.4128865152389274,9.305779000327732,8.999338133758439,9.514485258224372,1.7851273296850287,1.2517940233638203,2.2419146694850136,3.8330048871095403,3.5432996481138472,4.8268757525278065,10.113316485855508,9.8059272522156,10.377187349776701,2.082008561006287,1.4523051070492694,2.521181920703712
all,False,0.00792975,800,10.236165437008202,9.95076161347458,10.465887915705748,9.207832383687485,8.833458148753213,9.526175175164939,8.607545328810435,8.440826064474383,8.773706141963961,1.901665136568766,1.38024764441915,2.304079531766365,9.285888598317024,9.038200389882855,9.477125279889915,1.9973842121272314,1.404540203063183,2.388011055683188,3.7416964950843914,3.4801620699163807,4.544821747636315,10.041657960607369,9.765324168152567,10.274421243955091,2.0745821530206077,1.5142296027797364,2.5339467602547394
all,False,0.0083155,800,10.441486521555833,10.17891788337033,10.643277136032752,9.426137891260968,9.130154140819805,9.695550437879824,8.441956904567698,8.129320724577168,8.680711621263244,1.8521175790366675,1.0846943430643083,2.335464284583507,9.245094098118518,9.0086698633333,9.47846031654891,1.8236894426886907,1.0457317860886686,2.229381909987046,3.9501056552400238,3.516124640412427,5.29449453919577,10.2321490580971,9.97890395002007,10.492290840714727,1.8919302488227208,1.2743748234270564,2.2938555476840916
all,False,0.00874925,800,10.46488175318391,10.220150709372314,10.638077225785592,9.538050950468485,9.315391105361867,9.729993950791583,8.239552245409069,7.8903601625540984,8.477854064251595,1.55527646828098,0.9209824030637245,2.1797969653813882,9.262890520971501,8.917781172127835,9.508860350007865,1.593400202038651,0.9693196242530222,2.0594788345377384,4.492055698890434,3.7122240595490203,5.907612956590544,10.311456590282225,10.080300930103752,10.449354901715575,1.6070173978228681,1.2065351716833497,2.0905822540981966
all,False,0.009260500000000001,800,10.351064633996366,10.100707176384944,10.574957563036627,9.584295227092404,9.281778606825196,9.770559053280726,8.47565495432427,8.151304797255712,8.702539038313734,1.4443088180263357,0.9773380540209914,1.9108862368274215,9.376247362711096,9.12352565350619,9.56540934173362,1.396890793560379,0.8426419529110815,1.8264801954620038,4.456654871717224,3.9339769370156428,5.478227448555021,10.269780545722156,10.05628037801184,10.421762640705367,1.6234829324733615,1.2337810942012013,2.0503459251887
all,False,0.0096895,800,10.373429273089744,10.16385581004908,10.587521298396295,9.44190366591291,9.094968685603547,9.697272496023725,8.487488961326275,7.99132069400893,8.696256843036187,1.4659431383178718,0.9180153396079282,1.9023943308726103,9.449639066612653,9.202657665457911,9.63467049069587,1.5246050003290241,0.8326743005749642,1.9595802028899614,4.521605651644251,3.9426836329630204,6.025448425041279,10.284940705692133,10.054516104279195,10.47814934078972,1.4136718729120157,1.0345277003052546,1.8169064431649349
all,False,0.010211250000000002,800,10.291745766876742,10.09365808473407,10.486015287178853,9.348149178412845,9.041350312043424,9.658757548560418,8.78153182997958,8.594264604675441,8.941557679039278,1.756477447962599,1.366256208418078,2.1393008301903502,9.237708632005546,9.000390660453474,9.414563175453834,1.8389923905602827,1.4265562308849755,2.2462104622885395,4.065146172793305,3.7327467465205633,4.60024560758553,10.058073508854482,9.835022685744194,10.25707026222029,1.8400838799085335,1.4277541057677545,2.1929206193354753
all,False,0.010801375,800,10.198670224605706,9.859961415227556,10.458970082215084,8.98787784899073,8.6536191248028,9.355855133443713,8.685766418020084,8.509800235434945,8.850999619805627,2.0507500331904187,1.5658110277236028,2.4502962209249763,9.228195235608547,8.988482602505734,9.511850052943329,1.9877938674806224,1.3994825568086044,2.3409101207922385,3.9790243722158656,3.783035327279851,4.521475122061544,10.008452842850613,9.717706635994555,10.280258336558642,2.192374018657406,1.649993645782741,2.5974124310670894
all,False,0.011400375,800,10.170931289923903,9.821154446569851,10.524471125757545,8.896051566510687,8.610166149758824,9.231418296354885,8.704658333780511,8.514064746253153,8.838003417242474,2.1491464304948518,1.6074687925668696,2.5499664032067653,9.184045720192751,8.941373535848898,9.513239914308963,2.0300817636047457,1.4827438381016778,2.428036506223436,4.022512993966034,3.8180782008512546,4.33097824307059,9.93570018149902,9.639005080568744,10.23572395073277,2.3006605973434127,1.9263002832666214,2.686269369423286
all,False,0.01198275,800,10.244724192667288,9.944889366136328,10.494171972813865,8.895648093617202,8.415900994113496,9.355920952031894,8.730470206476644,8.528175165304186,8.870433874199398,2.0278393854810712,1.6096463025946917,2.407682999456898,9.16429507109306,8.91363506325813,9.393207154105214,2.018051778850531,1.4935702193238785,2.396513725010473,4.058167810615048,3.829238440052115,4.4060432941045,9.975038351967692,9.695188604865432,10.193768429467573,2.241558215787228,1.8490559834554217,2.682169056919889
all,False,0.012702999999999999,800,10.14254301474941,9.760022524165771,10.393192723686692,9.285837291572726,8.994425047516762,9.618370442219335,8.5978501905165,8.406597762689474,8.77534703205526,1.938222797794032,1.4507760882950755,2.425147102014952,9.104317847623397,8.831813435284587,9.321432650105793,1.9333386189230835,1.4499249223786554,2.415876919091784,4.063937872824041,3.81996995819765,4.530158988520868,9.924677286791676,9.596738029442447,10.15930103117168,2.397213926727633,1.887647635219275,2.94766583316583
all,False,0.01341,800,10.161217425918478,9.87297123716332,10.394645082337787,9.323336581493736,9.008998010149748,9.659853444902621,8.61135330860749,8.35831436298275,8.763592275408964,1.8543990146702933,1.4300038504273602,2.351534577148764,9.06319219223623,8.87681404508708,9.24629336505233,1.9301232165796582,1.2233680169895842,2.2792847458258167,4.079122081665296,3.7993153408077918,4.79309733020313,10.06836010990286,9.822094147377099,10.295222924514823,2.2143544023625594,1.5971707202523582,2.6276074285136373
all,False,0.014329125,800,10.492143487120579,10.230669903373418,10.647047492445258,9.159193454418803,8.870603298214407,9.566186126667542,8.61287840295309,8.27963522361249,8.79289327755361,1.6322125472508986,1.0327736590576466,2.1167306051657526,9.259318134300345,9.011660259769789,9.39607292927092,1.5227283639165254,0.9311497374738184,1.9186653247941476,4.563588841813416,4.020019734649834,5.737765089962815,10.258760588282058,10.029444013101449,10.443068810854871,1.8264743986454532,1.2309577740378252,2.2062779785065514
all,False,0.015186999999999999,800,10.311418858401202,10.002341330289509,10.604116215507347,8.971969203036071,8.506750087761189,9.453771095003685,8.734161498063523,8.509629444048295,8.898208482661746,1.902884192123689,1.478537887926006,2.355158783100421,9.139239038461056,8.903180470714846,9.350694089101584,1.9400929302248904,1.4850904251334225,2.343479516564994,4.150359426029356,3.8556491422134407,4.648589253802245,10.165929040170623,9.874141051513512,10.487325976611798,1.9390719726926555,1.5624796857298973,2.2875682102496664
all,False,0.016124875,800,10.117765617699558,9.790179388341462,10.328400163042318,9.362136599745641,9.012049052700165,9.721122555832476,8.58551328667683,8.381127157083728,8.743797308400884,2.0530955252943786,1.5689601150714512,2.44925266723018,8.978085118329798,8.723865397554768,9.22976205447603,2.0723154415038603,1.6044029550425725,2.4841624842330776,3.9791632467043447,3.7033229335493743,4.511192410617721,9.939071360262822,9.563195026939873,10.171495678117296,2.045427604550077,1.6058655046718147,2.484445277881261
all,False,0.017154250000000003,800,9.996476240463265,9.713300908170345,10.237366858817195,9.422054115497906,9.085215024449397,9.753441228778252,8.538884672748523,8.351316087989382,8.717263526498858,2.251707042117258,1.8377860466865976,2.5979746604078167,8.847557311384065,8.611034596859547,9.091116772021678,2.3230175613356874,1.879971509323566,2.705307567800598,3.8113107130508896,3.6538391439215623,4.162116427788187,9.778067524955603,9.472055761274822,10.067175715960834,2.284979130806091,1.8929197846237356,2.6715402911742836
all,False,0.018253625,800,9.907728732228183,9.606873966956394,10.125240670917464,9.371078007022005,9.049260862846776,9.655337234321506,8.580861662169816,8.38212313445204,8.769561936529552,2.210820695245389,1.8209842902069089,2.5778061986056193,8.830555575860727,8.558218508993384,9.039648505520002,2.3680269106872407,1.9875390015126149,2.7196783294404163,3.849356264887856,3.6857475757955234,4.074296774901356,9.760567445041069,9.469811828714532,10.036374983609724,2.490323276775034,2.089788793404729,2.8256516457210528
all,False,0.01974625,800,10.035150752906775,9.683605619879044,10.293046299298098,9.098934035626336,8.77840792822293,9.362599771298834,8.521147322590988,8.330591263305491,8.724809238458622,2.269563428240626,1.9638520965970045,2.659733883409177,8.753633775980381,8.510502525246915,8.977563638925378,2.4213526555100726,2.0180729775978423,2.796369566886137,3.963827644403769,3.7922757035814496,4.16498346584587,9.755124669375379,9.405606851466487,9.95684784010039,2.6195320523465244,2.314214175244219,2.980014144206612
all,False,0.021413,800,10.077275819230747,9.814688854435865,10.36603685465031,8.99980601371674,8.694670711755535,9.246045263617818,8.575815307887483,8.320745605384829,8.800290006592421,2.360733794430004,1.92105495461272,2.7815304834347385,8.653817953820223,8.372718202323906,8.96130392366449,2.4454070870063216,2.0285251591294062,2.8420956160365387,4.030838228110239,3.9210693374842736,4.277168223506526,9.757436309707547,9.494010633399135,10.055922382793046,2.617564195826858,2.222558116728455,3.035651981602291
all,False,0.023323499999999997,800,9.854826859696862,9.491685938756467,10.183810138715167,8.931874527878819,8.699844354880488,9.252141176411527,8.600020810617607,8.388315791413842,8.772098253878005,2.4869896001913494,2.138584434761603,2.8473855270104202,8.513633025591941,8.290968341097127,8.796396175309733,2.435385604258877,1.965972001473095,2.7940704584959306,4.046568983225899,3.9040392625305085,4.2681270221353405,9.728415655863193,9.397357759371701,9.978308213382054,2.6841541843561303,2.275089863401515,3.0278269925609878
all,False,0.025398625,800,9.753781874705465,9.450289579550104,10.02317579967094,8.939116744138989,8.633211210609197,9.280487761703522,8.724934126953201,8.514301100768325,8.879498839780823,2.460733596335035,1.946209082448859,2.837127329188608,8.507936521853189,8.228557744873356,8.787501725987887,2.4094465197676835,1.9663550018035825,2.785786744248684,4.0885734314977915,3.9019674652837195,4.412155278648623,9.781311245492263,9.47233498799459,10.074049166331815,2.550431854529961,2.1534121556712953,2.9126059705092957
all,False,0.028628375,800,9.613992441718837,9.308696686081584,9.90134435339193,9.160861279508781,8.919249684882262,9.44025642814084,8.744929316632463,8.552619588962662,8.903716030231573,2.2308738832794495,1.816726041816933,2.56769720354906,8.710772721124247,8.464571035963907,8.984170764636772,2.1777707870695058,1.7204822628933822,2.6173519534115366,4.161603553498732,4.000597747823655,4.486034993349143,9.802531283600564,9.548337706108567,10.04379921494461,2.456867047577028,1.9709162617910725,2.8098198755384085
all,False,0.03229675,800,9.679331942506215,9.463609675273862,9.914957208069804,9.10458290244709,8.855200851199976,9.358730217392736,8.81057801438713,8.637928432589206,8.975418163632646,2.144646928862242,1.739946557378727,2.518704280462749,8.718667349160206,8.477352202392456,8.997773125951944,2.087611230642024,1.597170039848072,2.5042594850054307,4.351757939658079,4.094513696391483,4.904343568133329,9.996516166070633,9.76176889988835,10.243831559804633,2.2201816080914383,1.7579041892412737,2.564947104295624
all,False,0.037650249999999996,800,9.268989825508262,9.063412153187306,9.468760050991692,9.431249137018916,9.159730552872276,9.654628102457993,8.50877343134555,8.358305797593069,8.649164189574426,2.0587575531084616,1.5640014555728678,2.4647919311903976,8.742575884259193,8.483890709924154,9.026511141792378,1.7854863711788103,1.233065130667712,2.2835104255361593,4.787354378355421,4.407874571836641,5.479681369921023,10.218524505573264,9.900453243516749,10.375267334796032,2.1101089998043845,1.659901639913476,2.5428738629570304
low,True,0.00044025,800,10.19376369043609,9.445465996993617,10.469346893625373,5.161141937141161,4.591717387265947,5.86946153597532,7.820871461920187,7.306275799586488,8.102928254520627,1.1989521848366764,0.5557790466500644,3.410320744062762,11.840836125909112,10.648079352637792,12.207924118315043,0.7198570492408445,0.4255654428555339,1.1570851964575586,7.102440002799761,6.463500788065723,7.621217959372054,12.417673308578502,11.230068796952771,12.63759184765636,1.1932597162691765,0.9809221921862854,3.8988769684462508
low,True,0.0007005,800,9.543492441500792,8.609603957267405,9.798451614529851,8.037877306247562,7.298127565189582,8.345445311807035,8.298484330834379,7.485273481534304,8.601040627543684,0.9254228784737787,0.3050885119429405,1.384521315570698,10.087334334253537,8.974936464040315,10.417921481620347,0.6579771839975551,0.22392871215156626,1.0070578610850816,6.637684978918612,5.4002637021933415,7.570517624948034,10.756572020702167,9.481409929965126,11.031533585216058,1.2584890935421331,1.0604405913861883,5.53191715198418
low,True,0.0009381249999999999,800,9.814042905715452,9.182432495966951,10.089757903840422,8.227755725036639,7.587590527613299,8.72188843684726,8.398173200253703,7.7248512637493505,8.715760898210396,0.610775790390788,0.30091921434750546,0.9822313764792426,9.969356772350423,9.061942647544395,10.271632444183233,0.5622903831093727,0.24289030020089417,0.9456742117133164,6.492385418555921,5.2038929337214626,7.528411407723503,10.539335325154841,9.828196781048735,10.755998108570733,1.3932248400514775,1.132194089472717,3.7837866407328176
low,True,0.0011815,800,9.760888865332634,9.054736855542744,9.956669188624291,8.810084635658916,8.091109468828753,9.179962870299988,8.382622487536361,7.654115259918594,8.70157375104189,0.5813044360241366,0.2680313269530327,0.9056642942183137,9.937674011655455,9.010588088426053,10.164843562280428,0.5913085724138694,0.26223497393664363,0.8989476197418403,6.341082740219756,5.050110790612384,7.348468939823427,10.318903711811933,9.340172460391349,10.515023970176356,1.3571896590618466,1.1004119202126135,4.169126454304899
low,True,0.001438,800,9.900389557237416,8.888275956761515,10.140120548045529,9.160046041159246,8.205329808131513,9.509825435130626,8.318516435732985,7.373060527349626,8.62514603945742,0.577791012603198,0.22923254323618894,0.7993211303636678,9.766263536433051,8.626080798289586,10.043988645486401,0.5983059748127306,0.22386541321106074,0.8079637062348624,6.159945011745173,5.138505107367861,7.132340468911375,10.253387141281964,9.066226133007252,10.517410569319773,1.3523843578101515,1.0871036495433968,5.329231907772116
low,True,0.00166925,800,9.96705079070032,8.884200920271319,10.167310532581235,9.229796914688974,8.281169207783215,9.533331862045792,8.209974568633779,7.224548747480624,8.488851261843832,0.3516295537952936,0.21044951569300632,0.6012638182130012,9.400132678243944,8.158982658970515,9.677424783504792,0.4286202308634747,0.19214010512009344,0.6235832928370786,6.710290796859308,5.637035022590914,7.414838020296186,10.075666417659441,8.98055839992862,10.346168172257842,1.7344454709794306,1.3295951242147157,6.0048358805540865
low,True,0.00193125,800,10.031102585232059,9.294534896024452,10.209658289683555,9.643353159136845,9.0075666800319,9.866827862736246,8.322050196360749,7.7404579346188696,8.645334456883752,0.6514700384409882,0.2833087838430141,1.0658568798481798,9.417160506005775,8.738180718591389,9.633669867657659,0.6367098548961104,0.2504301429230993,1.0048553317079039,6.167901255253534,4.837768519761481,7.360208445312149,10.173302068556001,9.37518067878049,10.37060320783302,1.0710635613352697,0.9742332489994799,3.396374868528516
low,True,0.00215675,800,10.152352650490878,9.263448022662121,10.365959786138841,9.502503328305862,8.802806446572538,9.729748479241218,8.381375907400832,7.576041274519714,8.691062146254168,0.6488692373505361,0.2659598310433112,0.9973806931393852,9.3796343935474,8.438268593613532,9.650505560054704,0.6289416959431149,0.2243674979277981,0.9793347906127592,6.233218928992229,4.9894917584416945,7.421518262132016,10.208306468264079,9.220783559053219,10.381092568501453,1.070341075770997,0.9669328738851426,4.117155774691568
low,True,0.0024356250000000003,800,10.311159723856521,9.912927929131525,10.537406017773357,9.248490679051482,8.811110572891085,9.51910766195561,8.736744701112121,8.175086889586986,9.049659804695,0.7898145276951919,0.4077130922240181,1.1299533657730354,9.53397234061726,9.052507677594194,9.802886921249664,0.7127857276167071,0.30668665782087146,1.0185411358487306,5.688811862501677,4.499914092768603,7.269063981350422,10.335263940519427,9.941600544181732,10.50020812429402,1.0957477265449487,0.9587384997435551,1.710863350316527
low,True,0.002693125,800,10.000722696786639,9.174633584178777,10.225184225435784,9.302367175737345,8.774954258524287,9.635098049905949,8.548229173274922,7.634759502519085,8.902047913735142,0.6774037133315914,0.2562235568427075,1.0189180731488963,9.429227055352978,8.637229814024453,9.640678722445049,0.5302240929544588,0.20799486854045576,0.762338731578623,6.378634682015501,5.137584531236261,7.5773189356346995,10.20244476322688,9.308974477558886,10.424325320825927,1.1354365786598732,0.9838162785077694,3.9444142800118427
low,True,0.002991125,800,10.049261448361984,9.681476815258135,10.246828274119117,9.52793208706311,9.19569405397065,9.816860597404986,8.555246049237343,8.117463261469691,8.857254494977129,0.6461089923817377,0.35618565642083194,0.9348294179274669,9.296364304737388,8.928717684531676,9.48903621709876,0.5321112927038917,0.331761647634257,0.831820112510263,6.36750715966139,5.404686467630877,7.518372192601729,10.113388811488727,9.73945535028319,10.256849131172938,1.1188301677080803,0.9491197820176916,1.703562112006907
low,True,0.0032884999999999998,800,9.961876082639165,9.36238929420343,10.140811088842597,9.622276321002985,9.033958676169934,9.815449656239249,8.405318563816659,7.67243531723082,8.670862621753974,0.5084778869037483,0.24870611979388785,0.7876921960129812,9.238203033801256,8.641301780363342,9.44713614844361,0.6230531753174673,0.24676246910933677,1.010012020665075,6.3326008187084515,5.350002220206082,7.561668679812004,10.027025801631511,9.38846236550874,10.203729320122044,1.3724478141430339,1.2600351264589642,3.286271426554799
low,True,0.0036195000000000003,800,10.067704831226767,9.575938466932353,10.238164163659533,9.633495502589042,9.207145760993459,9.8351550183541,8.196514737600081,7.575719996271614,8.554043433988117,0.6445993361503004,0.20953984943904364,0.9773469380852362,9.517518351759536,9.021426353094785,9.664440261309787,0.5404943602606121,0.2006249545175087,0.9580523780897814,6.279725714402979,5.255729590454813,7.5971271534444105,10.034766394851776,9.5604133726335,10.229915845944134,1.2497458614189072,1.0599438262491248,2.792098941516191
low,True,0.00395275,800,10.099810287491033,9.81125545055785,10.289361343831265,9.539044825916584,9.25710055083484,9.682717020245809,8.253323813683947,7.771280418176568,8.641548986189564,0.6575191080765836,0.3140505750238541,1.0388502992489652,9.44774216627353,9.108245476990547,9.72734009397113,0.5511855236170212,0.275375007188036,1.0839208386190147,6.310905857588536,5.066838256604103,7.5057993051355085,10.09697934912337,9.841245880601205,10.2482364083789,1.2247230195997,1.0431705248161893,1.6026072699987253
low,True,0.0042495,800,10.31144153275117,10.122119762445008,10.471929893789689,9.617367339536564,9.409637320191734,9.85542692376546,8.371962311221967,7.958957850569496,8.743063423544932,0.6611607517414175,0.33473024272135793,1.1324864162775348,9.477548546822003,9.190834438079628,9.683779097558784,0.8147469616325623,0.3354397863641722,1.19623870340278,5.851273847046904,4.498026844069226,7.3551273601932365,10.158329635639264,9.916177799624892,10.32903734446587,1.2814356290517712,0.9956562740033984,1.5896876987708295
low,True,0.004606625,800,10.209696871025347,10.000727493298529,10.365930280022349,9.736986600842478,9.489458938840206,9.902334784764731,8.373042919893765,7.983903904566826,8.612604688603646,0.7164906103563411,0.4481372273746259,1.1361596072723803,9.467615426985368,9.20940493971618,9.617524367165286,0.9993980478960137,0.4239192658792234,1.3224925708898543,5.561362211419688,4.615328550439455,6.8363777168414,10.178389483860252,10.017089146586903,10.32884457608703,1.3552809756510569,1.0065442684147372,1.6824636279632121
low,True,0.004911875,800,10.207221373876878,10.003445679727818,10.322675463956296,9.715599673209892,9.51891525491896,9.884995569768998,8.54518878797857,8.226227623342243,8.737668949167173,0.8892985663785319,0.5067212628244614,1.2057652359268787,9.487777971920876,9.2750679834217,9.61334746926787,1.0762394473383174,0.5153093082369831,1.4059027857366178,5.156272053551511,4.260132280890233,6.66298126582905,10.209303802240623,9.97562805231215,10.29233885904059,1.3894999099749419,1.0754905976849116,1.7383953837955206
low,True,0.005280375,800,10.231963363464407,10.05583510482182,10.335832045922595,9.567418585679999,9.36360150903645,9.724765718854721,8.509233924084388,8.292630923433245,8.781714499268016,0.891523081274496,0.6221103811562456,1.1953585606596346,9.517488294273562,9.315965334181826,9.728811188315552,0.9893535303745762,0.706727672438801,1.2740444373889153,5.373394981016444,4.474797720684257,6.399813051157115,10.295107374309937,10.130523972386882,10.438553238457937,1.167031876211002,0.893593970582276,1.4631244762728177
low,True,0.005682125,800,10.189679249899914,9.989893780864051,10.336890004510694,9.52234782635011,9.222197586867187,9.734811967426143,8.80028498399328,8.525999044722013,9.01489736763539,0.9810663536462131,0.658734431166922,1.2836640679042224,9.510432235428446,9.355198074819713,9.675091721242293,1.1635758276802382,0.7400712043947125,1.530542395716006,4.8644623923655965,4.009315578675034,6.071890298303123,10.35514230460369,10.17949876494429,10.48563082474976,1.2862047569124426,0.9780666434794965,1.6075423605339827
low,True,0.006066500000000001,800,10.23838982346008,9.759486958862553,10.387854565041339,9.390737676898823,8.974865798719502,9.650787407920511,8.574640415066876,8.041050147083217,8.867746645044265,0.82510984474469,0.335095689511568,1.1149519044731562,9.472208395876958,9.121060904235344,9.654805625399687,0.8869140443829009,0.3594518769744193,1.1899028253305137,5.9107565103484,4.955378917496109,7.586670288281503,10.307763027150369,9.833849020521496,10.466684299665408,0.967174393817932,0.7935076871760645,1.8360435084541828
low,True,0.006432875,800,10.054148358442546,9.811768042496132,10.225090701765117,9.430834374064531,9.202152447348025,9.59639397848874,8.488812109991862,8.13407183101817,8.733898616373681,0.8385619955364623,0.3539416533530023,1.1599194770787251,9.364611553172866,9.095787964015928,9.541690160449313,0.8613864771391894,0.3684167484921958,1.1636484771265676,6.176881587680705,5.092537074499306,7.506492585630222,10.183816730565281,9.942914093227262,10.306709956632249,1.102927197181391,0.9763129873048995,1.4877994564575194
low,True,0.0068416250000000005,800,10.249547186263525,9.966267573870459,10.418575040455682,9.340577018946128,9.042455398049992,9.632659634936573,8.38536905493968,8.060024028734226,8.651922689751386,0.7310380761400513,0.3954340520826221,1.0335620462198498,9.284092944750451,8.947594017995476,9.501170537331268,0.56366833053728,0.3956664644951599,0.7707940802350844,6.556285914564247,5.510727867991694,7.450237537781069,10.193996107905066,9.879276514158521,10.34311129341067,1.2043479677826143,0.9117458198174617,1.7927575088812508
low,True,0.007281625,800,10.356515327617409,10.132235366835962,10.537771810028417,9.37595501860441,9.086394717637589,9.690637341827445,8.61596676898582,8.336868890524356,8.925622889849743,1.0261144706858762,0.7871769446696034,1.393316403931289,9.32329925313137,9.11271464432754,9.471352946354463,0.9112977230327733,0.6575038199804377,1.149660377407077,5.3649078748124195,4.556654709088399,6.365881066275239,10.259002161014367,10.068886011917327,10.3893757160499,1.3799503146513716,1.0519528756145857,1.6507077485169641
low,True,0.007718249999999999,800,10.52713599423323,10.27768971851155,10.678347038711639,9.254052485036858,8.828998819423342,9.570064282529634,8.677435814238242,8.32977112847435,9.030174334266315,1.210419578692233,0.8694251152420798,1.5072349710361732,9.331413069349042,9.110461118146409,9.554048473244874,1.1776235668308532,0.7769795247541988,1.5967934003877067,4.8136250168936465,3.994110459268439,6.16822620800232,10.447631568624177,10.250451481911002,10.59130509140292,1.4560140732997102,1.1275946418219926,1.7683323264123163
low,True,0.008118875,800,10.544226223934091,10.31919671467169,10.764224550160955,9.319893734290034,9.018738866844638,9.690083502182894,8.611636976090717,8.147053890893527,8.920390638240892,1.1243248816903149,0.6682784569820084,1.472250272503534,9.416168387941477,8.961194693568801,9.624540691396689,1.1361926055388138,0.632264964617764,1.4933761507057841,4.931765953625562,3.997057329174187,6.451257997634315,10.519875743112891,10.2242811206125,10.671547525998985,1.3680688078782544,1.1019068989877852,1.670178182985369
low,True,0.008560749999999999,800,10.415856350048534,10.09622679829927,10.62898143824819,9.527934688951946,9.228593861494812,9.785895579001014,8.315966733445315,7.941973340482851,8.703575473520266,0.9819826120427203,0.5665762193565195,1.2729743871966324,9.341345942514122,8.980332545023204,9.559746988993853,0.9880810775721118,0.4973692651704179,1.2834965609183009,5.654320664691541,4.667621400709571,6.921199714439182,10.551753505694476,10.27593271503227,10.708205835083543,1.1730639072875555,0.9356406677399763,1.4553414878767923
low,True,0.0091305,800,10.221596115563823,9.856276942017757,10.489746494656073,9.501510132040886,9.114100249884741,9.730326240650184,8.134708428142929,7.694402373680166,8.485558154210592,0.6489913837287374,0.33949225487989804,0.9484526033830227,9.337923399760546,8.884702869577302,9.582274116611957,0.6239470003060508,0.2766802635940042,0.9468480758831118,6.528714682783314,5.6001971079217725,7.400784096245712,10.405027203535742,10.012682025791316,10.53579663792782,1.1481861758061473,1.0639615171585037,2.0093891270860778
low,True,0.009618874999999999,800,10.20439168561512,9.913524711412823,10.45686231541705,9.440406999487951,9.174252349384648,9.726109866094243,8.317555585496747,8.031887615071915,8.675456310765169,0.6554623528299804,0.3201844992407183,0.9451035447994162,9.348167210125974,9.03446840444658,9.570491452577452,0.6580158080092849,0.29978271837136466,0.9489281023961286,6.792265113288812,5.60834397234688,7.800011172957879,10.304880387908078,9.991688717798045,10.512488711332367,0.9105045864951932,0.7035687357842486,1.378491863659518
low,True,0.0101925,800,10.148069269471636,9.964769424998414,10.352557961987216,9.577702160578626,9.354740038785144,9.793551316846676,8.449951327632233,8.249283098879133,8.69063727135354,0.7886036744401862,0.5242321011827844,1.11625587815466,9.389709637992866,9.170766025079796,9.555737353073189,0.8287524152706122,0.5733460981385055,1.1415863795581713,6.411915317926422,5.493652958226311,7.230179561912794,10.128551427477936,9.939622208963577,10.280164258853159,0.9607243785120573,0.7656743869946088,1.2050657641022187
low,True,0.01083375,800,10.24774285994386,10.024738454850254,10.416915640714807,9.403353912837261,9.188445345857403,9.645150260962652,8.537177752552322,8.294618676662715,8.794374891820775,0.9982554004161377,0.7228894772175929,1.285950351952075,9.299116520602514,9.10326985656386,9.482730340254324,1.0003254564027348,0.7147484713829472,1.2779896401207491,5.897332261938665,4.979076776354159,6.788805846913832,10.238898910036614,10.050335278960299,10.411788926549502,1.1901681130910342,0.9185637570486216,1.5189610309495538
low,True,0.011465125,800,10.321131610415964,10.08054777697838,10.5164631137611,9.164990682487733,8.910624286580092,9.572879769559238,8.77229400596094,8.484727012228355,8.982220354098763,1.1099503219847409,0.7712225216170212,1.4318422674801377,9.297499156851503,9.085735054812266,9.49255465892295,1.073192243979009,0.7284997223321946,1.427014128345919,5.385052740439273,4.685938985137973,6.338028189353793,10.339734605775273,10.112863407186161,10.512468466693761,1.405609526771778,1.1045444147661048,1.6906940859336546
low,True,0.012111875,800,10.350792222700276,10.145715965107435,10.47694567030527,9.16771958511692,8.83834890597433,9.559002831389149,8.710765708351104,8.421969918216018,8.908451611688175,1.0586301585175844,0.6987271653523451,1.454879043342864,9.239521516507141,9.054266911616864,9.3582355309699,1.0184466336926097,0.6228265195937367,1.3486168134335061,5.4710656029651,4.712939592204629,6.966154097450721,10.396885333120053,10.144997817866079,10.583017170701938,1.3574207406240304,1.0044465619005332,1.6785158832681075
low,True,0.012911249999999999,800,10.298180741006178,10.09527321062202,10.488340566078172,9.439074346143737,9.040980170016736,9.891295149134837,8.482302459176392,8.273262651614706,8.702314219569809,1.0588530631701893,0.7024930071456366,1.4621181202931928,9.134433545466916,8.899524375716608,9.313903651739581,0.9379032422723237,0.6041400592741513,1.246036321100978,5.708237851500958,4.893204738297244,6.64888079517669,10.368953719267429,10.12963167873212,10.592582474057146,1.3657592247440362,1.0971033359766398,1.7834609717883212
low,True,0.013665625,800,10.257485890846452,9.955596940193626,10.477954283311133,9.332331919139113,8.918645283378108,9.733783939223889,8.302926075397032,8.040140345805469,8.479635757945898,0.7565876042677787,0.4111271161474285,1.1399550145027173,9.025959826338308,8.805486337766421,9.230693436034205,0.6814857702398375,0.42772124780345405,0.909009875488932,6.721878689648928,5.786761332394064,7.568066865630313,10.242108592139132,9.918922188198616,10.474576567461218,1.3250106008484048,1.1352460674742249,1.5690369999048246
low,True,0.014626375,800,10.270124111515512,9.97571206456382,10.510672847421578,9.021097780197877,8.631863026875955,9.585301442379372,8.37851838015266,8.13456966609208,8.557225937813737,0.8234411854042235,0.4938575245264752,1.1832894729841765,9.229388495260624,8.920689671600574,9.440885735713321,0.6639196399450861,0.38907603423755777,0.8248366495998539,6.861319659368843,5.987388106469692,7.583524194373321,10.194349380742196,9.903784009776993,10.388391965965555,1.1859893600147342,1.0001636402700196,1.434863338567344
low,True,0.01556875,800,10.275431050398563,10.06192639267515,10.465826960649714,9.696143324837832,9.345209463517495,9.995137468043339,8.451170250674542,8.257564521712043,8.673141717746477,0.9428805530392326,0.5687486356412793,1.2724958427372979,9.122395193949522,8.948236747090382,9.346905729396244,0.8361366190985381,0.573159280775097,1.0556907373649242,6.1147521549124795,5.22684369990877,7.280332993172894,10.118602203754733,9.908957711508442,10.2674426566666,1.077200301930973,0.840098523322282,1.4980602156460412
low,True,0.01658075,800,10.247144920076405,10.024617588982936,10.428692187135038,9.766256403455005,9.384381874950344,10.113781918819365,8.291176916308803,8.036813565370673,8.551831962839865,0.7601616824354305,0.5197909732039369,0.927399240789268,9.103624507273716,8.870776487382239,9.321628414447778,0.8130071956039508,0.5215074709993953,1.0182429720730102,6.395292094050034,5.656015617774581,7.281714122200433,10.249809191042996,10.032965770345397,10.441722165606135,1.0184176497687472,0.8080260972646904,1.2492198853004244
low,True,0.0177765,800,10.368451859872094,10.112039569947113,10.599965202419723,9.86379311705533,9.671283863228329,10.060104232564534,8.42762922540317,8.138927339219382,8.646538306643949,0.8865851560567832,0.6847721455021931,1.1027459616661628,9.192527420751343,8.92162760351224,9.374659318804568,0.9923860485430014,0.7288103174013889,1.225039270222661,5.737589011708841,5.015837304505298,6.735180591073326,10.189770739626319,10.019254395431899,10.38076498888993,1.1971657368917636,0.9230892503146376,1.430762946876215
low,True,0.019068125,800,10.514396377701592,10.22171312025626,10.765079526157638,9.742349380910277,9.407355826229828,10.016637363413192,8.235565681339468,7.951398897008252,8.517269437835125,0.9558026657412609,0.6569412210709454,1.2284580154784928,9.099502957661478,8.818381879359393,9.439511288970632,1.0043730126952584,0.7034322780418404,1.2602427058559154,5.79013537377312,5.036190779392376,6.7347819711599115,10.321121852686904,10.044435775064748,10.49794757359031,1.2116549057800214,0.9626472967986803,1.4934476003808235
low,True,0.020707375,800,10.4621582135927,10.191272203081144,10.773231383156002,9.401379005304074,9.044410517565368,9.717516569514954,8.49093275608133,8.193841343869877,8.756443453203122,1.0410555406373043,0.7525881920347253,1.3489750317938252,9.133660376615916,8.894831595684279,9.333056239703346,1.046073007634241,0.7518180756704627,1.324610097857087,5.720223628276413,4.972265903263746,6.616002204381034,10.408232478333398,10.158563608465865,10.636384788766305,1.2656314542410707,1.0183288986182277,1.5515450887847109
low,True,0.022685999999999998,800,10.5652497850841,10.172579409715548,10.879896452718251,9.222336510445206,8.794438798700366,9.641447536820154,8.463549369799733,8.18579315502493,8.715324548003041,1.082452140033803,0.8019510755951531,1.3131459656386328,9.031516306089301,8.80766866116616,9.277268264672802,1.0274324908411903,0.7709761008827958,1.2812765346668082,5.8281899115750155,5.197718426815573,6.582805249981221,10.506570447170013,10.231319919484884,10.71631494745326,1.3693533135135092,1.0706049655179053,1.6418466856883343
low,True,0.0246415,800,10.268017564973162,10.010105670097518,10.638233176050424,9.112243174949656,8.75607343141199,9.606602467017973,8.476960366155929,8.276834182840862,8.715221363661914,1.1231676749544628,0.8476279698393275,1.3937946601458755,8.96481015523072,8.663135121815587,9.263407393209516,1.024705837824631,0.7186597225142354,1.2917652183835049,6.12655933122019,5.30942776006122,6.9188884889608815,10.508989750036775,10.12902347411248,10.763355583455471,1.312980386903719,0.9612521246594108,1.7032529808725623
low,True,0.027518624999999998,800,9.93202439736963,9.682964721713178,10.194643404921313,9.643492617759417,9.404405965639306,9.895110511710305,8.405735134366449,8.225468806639212,8.63090913808251,0.9478655309047386,0.6686440127084923,1.3029099829791093,8.740592120112415,8.4835211418933,8.99915138627143,0.9682315470237158,0.625963639578297,1.3600856749433536,6.489306288307906,5.601679900073023,7.28164453073185,10.196453395763456,9.977829333377477,10.379627141324223,1.2084475932991883,0.8856203137582194,1.5708959610534428
low,True,0.0311265,800,9.976185099291019,9.712554172709016,10.217902710713494,9.418256737988335,9.14904183497612,9.763127560670664,8.48046007886428,8.329088105577046,8.663452187746566,0.8684116040794024,0.5938532973601197,1.1164405963913784,8.742995217778077,8.437898414870984,9.0127467491788,0.918986893439424,0.5697731960275351,1.2931217623101343,6.7535788990542915,5.89406546240569,7.534246822488054,10.287481557671303,10.069422940669519,10.501283168858139,1.095326440699542,0.8623289353627213,1.363691216029298
low,True,0.036024249999999994,800,9.364281585466507,9.133004069113923,9.540247281969021,9.665586644668267,9.454654329534689,9.877160842743159,8.289724994962837,8.147629254869608,8.428506575444205,0.8604818884230697,0.5673831658632515,1.1419546963057858,8.885215566847592,8.568802043851262,9.238315486259362,0.8190212348416872,0.44707226286785273,1.2408249886148877,7.0551580625095545,6.247960519354731,7.67029996084341,10.495958185628892,10.271675677660943,10.685946733552921,1.0104813216019395,0.8619510203567904,1.2773168866889504
very_low,True,1.7125e-05,800,9.046907818596935,8.641418896399758,9.301425061507613,8.333764360285555,8.090087103227297,8.580413789098252,8.65997248408864,8.459220974109448,8.870370931592976,1.699399887322,1.2442109269506947,2.2912338120624454,9.407807890183511,9.088358889186411,9.6832593246826,2.0755132550687083,1.5133244816830553,2.5785494194254492,4.958192532983132,4.619122737883794,5.418467515566554,10.062795128146862,9.705349003655517,10.30844786590711,3.1591815789148834,2.605796991007809,3.662318373301277
very_low,True,3.775e-05,800,9.199945812867357,8.909086734722303,9.436903065257194,8.588585482896411,8.304622215128365,8.890880945521932,8.319260671725417,8.044305912426381,8.655014544945203,1.9061676478043392,1.3785982598487185,2.416031273826948,9.440095909757558,9.074097417183285,9.840359585835595,2.2034943525321165,1.758752096467911,2.658317215043811,4.610074371147162,4.291612306559926,5.1448217287297435,10.0655863634095,9.612850266958265,10.38415724738412,2.733560180704885,2.236131184121985,3.1447659996925568
very_low,True,7.1875e-05,800,8.952123737788128,8.683291214886756,9.236057795215372,8.653714426076894,8.352726448267441,8.93946795156033,8.391821338045741,8.143074494810804,8.618287065579668,2.1731103247944787,1.5496095948347814,2.4846530028498304,9.399895157230382,9.165593471608958,9.642408756957213,2.3935254911892483,1.8720259563310053,2.7168487899436418,4.48857213150596,4.202812553530285,5.144566610512995,9.939270539900475,9.586547655742581,10.34226130841144,2.637685009840879,2.2142351550520285,2.9756977860871943
very_low,True,0.00012387500000000002,800,8.99961423908474,8.712632865448493,9.202617014266025,8.570678504716565,8.264067196283031,8.783405382680328,8.21613191967314,7.975371439756046,8.479593946304337,2.1458030100843914,1.7171770381520801,2.573970441436422,9.309923063776324,9.025669191072295,9.692365183610601,2.306796134705844,1.9082756579116062,2.7345692661775702,4.646550571344673,4.34261127624703,5.154694465192858,10.074104318586373,9.57801093538357,10.377052463715444,2.355870858750514,2.014106756149677,2.6939848386992886
very_low,True,0.000202625,800,9.224553701444284,8.946857849094975,9.493102792647909,8.744100649719105,8.420060949344201,9.019813053115149,8.213352699372223,7.880048502572581,8.477480913925517,1.9904373990619382,1.4639130232559634,2.3156942974529673,9.406890596290959,9.100264039560678,9.732463307824114,2.171796996386619,1.5525038587062105,2.473397915800701,4.714105135539256,4.25730452258935,5.510804659360019,9.971618319528169,9.682785180230193,10.24837964031078,2.0879444528831863,1.617828786348803,2.4121894928038032
very_low,True,0.00029575,800,9.51532225472496,9.189541023775586,9.833489055799486,8.870906154905162,8.598894255667078,9.135123057682238,8.222592107567515,7.875801022028406,8.536854599006547,1.8579373302114301,1.1942286730536869,2.3852345259512426,9.247411832756237,8.926485012805866,9.516045544352435,2.0827980632840752,1.366335992211712,2.616046138686508,4.859833682173912,4.255896024886802,6.080996847448918,9.877720600705464,9.517841146706841,10.227828393750062,1.9336741718501804,1.4492869813270262,2.426145582112702
very_low,True,0.000435875,800,9.66286455963067,9.325851321283663,9.986892770269868,8.459388843449561,7.970522865687652,8.860523786704963,8.086539663567688,7.81338389712324,8.439219602549594,1.8522709745445762,1.4103620359770253,2.4409379096740365,9.373490455793393,9.006294495167955,9.802637627917154,2.024377824172148,1.3779328876677406,2.505657946302496,4.98330594504224,4.407820028604339,6.028848370824303,10.041551629034908,9.602077065466629,10.363119177140062,2.120534969547667,1.6072396872596413,2.6248972856767185
very_low,True,0.00060525,800,9.50765982861189,9.061173468405794,9.925016080752417,8.45488782455213,7.720937610202226,9.14815006500506,8.363114331666273,8.048989847752022,8.694662786890595,1.9269870863893521,1.5291037639161214,2.383785440983944,9.261648938957102,8.74836529011881,9.638471449888078,2.207861938385352,1.6670634059331007,2.623755582209459,4.710007225394888,4.185375423788619,5.332126695534445,10.032533784631184,9.560231810994285,10.36201912172403,2.2473731952941343,1.797102702382522,2.685032178672661
very_low,True,0.000855125,800,9.035959833484103,8.708689988538225,9.230140879778267,8.893258668020724,8.541289928079099,9.132244976090707,8.13432696990577,7.914540596544051,8.433174939413945,1.7211682971940125,1.1346525177859337,2.2013059835397035,9.72070699230618,9.419428971768529,10.068172295984278,2.141338162963008,1.148846924937861,2.6433574479715305,4.928205404677097,4.384125820969366,6.166357445183541,9.975112755657637,9.576814366628657,10.279687499058566,1.9112713912890773,1.3804449103315553,2.463973410488884
very_low,True,0.001167,800,9.140020623393387,8.786720482485036,9.525041623040535,8.497894803849167,8.085844130613541,9.028141504139596,8.25304277152328,8.027831515014396,8.415098578715469,1.6629319900693318,1.0986568695673227,2.1524605598982927,9.948384160018438,9.569237644183156,10.30341099332709,2.3030963109249862,1.5280327655328552,2.8073311725305543,4.920854316380944,4.3764242559723945,6.0683999476832895,9.839826665610808,9.447416006477402,10.154874780798684,1.8559686489554619,1.4283907991356413,2.2474299196136944
very_low,True,0.0015908749999999998,800,8.980809102885184,8.74643006014531,9.120197957744129,8.745454487623862,8.487536667139835,8.944844318044703,8.146048758142538,7.8625185517101635,8.429411565376974,1.7764798599217146,1.2828745568772588,2.2430522185174557,9.761472501413513,9.405965493942377,10.038746392046336,2.3053841655978182,1.5476296523659516,2.8071449333107585,5.08266495788905,4.430832887059316,6.012674858663179,9.716171324343424,9.380310343081588,10.009134705506327,2.047242263327296,1.5171911973723464,2.5547714970753206
very_low,True,0.002248,800,8.995213533608181,8.69744713449285,9.178176867466444,8.859575545987527,8.589891561560092,8.998354626874029,8.203852584580082,7.856579500514046,8.480167528491183,1.5498942352017744,0.8103950479427253,2.0227797749866276,9.751307902284182,9.321851722196238,10.06855686208388,1.913075891167244,0.7948822877189964,2.4766586888602213,5.7019870720663945,5.008083381156799,7.163549747943255,9.879428556600114,9.507856049406493,10.090163044887447,1.6600940886417108,1.2023104289870696,2.2684498915557607
very_low,True,0.00306725,800,9.113695715257613,8.800888401749551,9.337365344424601,8.68734016723352,8.348710504584773,8.941278718192123,8.216790923193273,7.8036641835943295,8.475113311109913,1.5028352670261027,0.7702295278500276,2.0327706195034185,9.947855694599426,9.554297234020577,10.183863590493242,1.6991367988019468,0.7660706338176468,2.233409196646078,5.764295792585512,4.9492039708324995,7.25100637715248,10.061561849526454,9.75009375344163,10.236506456213586,1.7183882430244775,0.85581632696599,2.344712424689792
very_low,True,0.00404925,800,8.87059484512509,6.014445538564494,9.015760620008683,8.895665248679599,5.949830997875238,9.049169524381263,8.104262608283504,5.456486754436715,8.219936577396412,1.1367146151124887,0.6734440790172271,6.474364531702392,9.772228848990434,6.156988233761719,10.029152680473198,1.1730633705666202,0.6734445904229536,6.113285668882632,6.432267142747971,5.243476032959931,7.434677178365803,10.313397387642054,6.273817134557881,10.539129398951284,1.216135751551738,0.8238480434414979,5.988259114843857
very_low,True,0.005619625,800,8.50600945858967,8.21649442913223,8.753999227766634,8.731431493185573,8.452413636311023,8.963920848775423,8.110069481016769,7.967315145826735,8.222490045042099,1.382556152311262,0.6913561343943136,1.9394685419040558,9.41452023660759,9.047932210548737,9.863592752729996,1.738123518832863,0.6912381746497126,2.362289167546821,6.3533785999364545,5.423700926568133,7.641925529080471,10.59106234314687,10.26079696035686,10.88158121090074,1.427232001117544,0.8535595252800826,1.948304004438527
