d_median,d_lo,d_hi,n,density,density_lo,density_hi,density_blo,density_bhi,lacunarity_mean,lacunarity_mean_lo,lacunarity_mean_hi,lacunarity_mean_blo,lacunarity_mean_bhi,lacunarity_slope,lacunarity_slope_lo,lacunarity_slope_hi,lacunarity_slope_blo,lacunarity_slope_bhi,r_crit,r_crit_lo,r_crit_hi,r_crit_blo,r_crit_bhi,mfa_alpha_width,mfa_alpha_width_lo,mfa_alpha_width_hi,mfa_alpha_width_blo,mfa_alpha_width_bhi,W_trans,W_trans_lo,W_trans_hi,W_trans_blo,W_trans_bhi,gamma,gamma_lo,gamma_hi,gamma_blo,gamma_bhi,Delta_D,Delta_D_lo,Delta_D_hi,Delta_D_blo,Delta_D_bhi,S_alpha,S_alpha_lo,S_alpha_hi,S_alpha_blo,S_alpha_bhi
0.0006685,1.025e-05,0.00131875,800,6.453931666012311,6.356181322942621,6.561647661244709,6.317605209468023,6.561378186260338,4.553742192001319,4.370982485663782,4.716257543543827,4.22178189059016,4.83499188383893,5.671200646197184,5.577365936160601,5.785629148062899,5.533866432761833,5.824445985344179,6.468504655618516,6.268425573649939,6.613790917562243,6.339471492476811,6.581865026141031,6.209898504907961,6.01379950384508,6.428062696090407,5.919347080815519,6.437436697219983,6.730397600125938,6.551315395355723,6.86073528070186,6.555432854974916,6.854683430979937,6.394653058122504,6.144143280079919,6.5817605051065255,6.148700077921267,6.690220589520517,6.504365829777892,6.300336532208384,6.653071496941129,6.269034183905728,6.62726251952075,6.209010703434684,6.044242502359585,6.406268715030116,5.989892976832058,6.441461872596293
0.001085625,0.0003755,0.001679,800,6.153774423484603,6.08149287436555,6.224534664476055,6.046513923059408,6.287066551715585,5.564285195523062,5.464310056735191,5.657548193584212,5.473634895753615,5.6671000117594215,5.963694142590606,5.852416277690562,6.045727644469492,5.8835908992994455,6.030051475941245,6.054949723629051,5.889136217237185,6.166234917242848,5.960703115812046,6.160803071746354,6.162367388093844,6.052363892334861,6.3042821508591835,6.048548707161427,6.260742072825746,6.381279414802645,6.27478063022227,6.48837067770231,6.162039355161266,6.510732286654423,6.353629825177724,6.243239205000156,6.454591876389822,6.203800665544238,6.498533268240001,6.292949614216055,6.15935618128956,6.4407275018904375,6.179016126358112,6.400561014255061,5.845760313039118,5.677248850438621,6.036153122503891,5.731070352460426,6.025222666465652
0.0014765,0.00084525,0.00207775,800,6.376097824364156,6.2958767565722935,6.4505091209764265,6.255014802712171,6.443339850699822,5.947437021534299,5.80066570709775,6.090602314670806,5.806309426970087,6.086827063390791,6.076005207379747,5.996427320275867,6.1572709194135,5.99340547553932,6.140541586861864,5.974750434404222,5.834456846051884,6.099603321476003,5.865772621762248,6.109112769637846,6.110202114299359,6.001149994897206,6.22593200320096,5.994043168266218,6.226181885426112,6.278727578504892,6.161293515299345,6.364695116153104,6.125419507638088,6.44425711240334,6.250860243248208,6.158288560328904,6.334515408195595,6.156807930857636,6.3357043984775006,6.100222762579331,5.959983267389266,6.221697986230934,5.973220927396732,6.217440051635254,5.763285175974024,5.642583046985832,5.896137676972661,5.658156371200256,5.876887469093396
0.001838625,0.001247,0.002438,800,6.409523473348125,6.30545681631808,6.488955320450336,6.291920656989819,6.497833557052972,6.084132639110179,5.976052582900744,6.188406334207548,5.964487915255344,6.154393944322724,6.067766738376253,5.977535706007852,6.15325260990193,5.970648878255195,6.1359599558233455,5.805869867440632,5.655119263077059,5.993321730810283,5.670117135965275,5.989370756574837,6.121255634701059,5.987340912620816,6.2132004365631675,5.981095783890309,6.231100545911546,6.2233532035439305,6.100349782705342,6.320537663337776,6.090115116037112,6.361072652428334,6.189807788310333,6.096993609595628,6.310214593023304,6.119895617106872,6.246657327923142,6.141324607078067,6.022255224723907,6.287932296330941,6.005552246313949,6.225379187983239,5.782065684848636,5.665689479334394,5.887835079942469,5.675274734103235,5.915163408070711
0.002212,0.00162575,0.0027605,800,6.435106740536452,6.344733116042468,6.497678794366215,6.311400756376488,6.535821100232156,6.1090412100673745,6.004757139011971,6.252609762121628,5.967699878620308,6.189792488465001,5.96630290112965,5.867313898632124,6.052656816812188,5.846911622853555,6.066060178948932,5.8636287907671285,5.709025938774991,6.0016699297620395,5.758753686957273,5.959090898366328,6.186475950776249,6.092421555093302,6.262523707504077,6.121386727863833,6.257777945504898,6.168178007137244,6.074971459534964,6.266360326270133,6.070106449077436,6.284669996621297,6.08320841318773,5.980864738999901,6.190637505932915,6.004329286918141,6.163103968002034,6.156876168442418,6.024611340392189,6.262664559574346,6.019118022882462,6.303316108301101,5.839591093254478,5.72357673944228,5.9375655537677545,5.734110540786528,5.972173783728665
0.002570125,0.001997,0.0030855,800,6.51395012309325,6.415445133518851,6.599014912386803,6.416345386126113,6.61179305354128,6.129242172657539,6.015252728022693,6.2654962901503035,5.993059613131386,6.247589438574477,5.955254607635062,5.85371956322193,6.075797264030433,5.845904536456141,6.066499661661637,5.83588641344363,5.709580029286776,5.951281899150593,5.681618517851427,5.976328825271165,6.1248221236389915,6.038249149414806,6.203218418607648,6.05379247658202,6.2146584918357,6.144880592367282,6.028986531936509,6.25844800244106,6.071281023606605,6.22301734031438,6.101077109039351,6.002891331919676,6.177556922275557,6.006168193487356,6.193204516373408,6.1811544991249034,6.061330792470029,6.281067362930271,6.094948753383552,6.27432394656535,5.807236311289868,5.709134177721841,5.916119874044142,5.726027649767398,5.916454557783837
0.002887,0.00236475,0.0034165,800,6.546176459977507,6.452264860528661,6.621780155843431,6.4766272590922735,6.597808511148843,6.158574257021683,6.049735274205034,6.254530924214096,6.054220571920264,6.239248865945074,5.985573712594611,5.864598357528353,6.079483351820818,5.87066975432373,6.100283620368461,5.778236127214639,5.642676711372846,5.925282965291364,5.53629708437335,5.9767663748843125,6.146945207239176,6.048811236340918,6.226025152544432,6.032525763429542,6.223307492366505,6.2119535074252195,6.119558896702934,6.285603238802635,6.146884092560425,6.270253803685728,6.144047090990881,6.045861778714061,6.230971209720588,6.032674402669531,6.256534629489387,6.163909539920246,6.062620118685461,6.25980730652854,6.08195050726175,6.231062646453708,5.769903350707085,5.627394274696684,5.935611729432253,5.6439105852066325,5.9197984029185635
0.0032156249999999997,0.00270225,0.003801,800,6.608754558670624,6.515228047488071,6.686553385414242,6.499941884958734,6.680113353482982,6.1280182186374255,6.016917348347581,6.227177532888068,5.964338588644504,6.2425779434795325,6.035040841028766,5.9168827529508325,6.145603918161675,5.908843193667815,6.148384993227312,5.6681620333760305,5.520740680427443,5.855103364908843,5.4645647542895075,5.811435494536612,6.157428210223729,6.053738809612388,6.2487170184728855,6.020285793969306,6.244551314930257,6.264524054427327,6.166548040103261,6.352847545121282,6.160776694084242,6.330255516462523,6.19151177522827,6.09384996423022,6.275347957503181,6.100981276349604,6.263265330395471,6.179226319176993,6.048466023591172,6.288844508378605,6.104717971606611,6.261583436212748,5.757361407559483,5.639326941035393,5.885069757960184,5.611858440598516,5.941085027558736
0.003591,0.003017,0.00416725,800,6.588304847125026,6.4992808584033845,6.642217718726075,6.523404043361579,6.66275123958742,6.20057144804561,6.093403699660776,6.309006058266153,6.046526963021258,6.29592320125966,6.036363637790445,5.937179711236366,6.144811071847334,5.925866888228779,6.137609683083097,5.679335642102192,5.544229357936075,5.8257062713297225,5.530368087411313,5.789490651929704,6.107481447322901,6.021355775626116,6.195796250063752,6.032429701535726,6.172017416044852,6.200152617601822,6.106392957813714,6.29534987526453,6.061075788179869,6.296153717855194,6.20307780959408,6.120378968440189,6.293697400259859,6.150730599019643,6.300953645685829,6.248371767132114,6.160612262405589,6.334598776269147,6.170048488920141,6.336489560700516,5.674622600236635,5.541038880254713,5.803435810383404,5.529377353319579,5.819433677432555
0.003954875,0.0033475,0.0045265,800,6.653441498331618,6.5463888291761885,6.723432113466946,6.545921155436676,6.760957852227548,6.142627330671867,6.025828744841559,6.270171299990372,6.0162253233228595,6.30399723660308,6.051158046400232,5.949563368609328,6.163239457665459,5.943152459585072,6.165625927664154,5.625367940515489,5.480001832133839,5.752106443045788,5.472907339477795,5.791213236860508,6.066660523666171,5.976699127741415,6.144386262518212,5.981135824295753,6.1404446591442134,6.1766095435603665,6.082111786142443,6.275814885808604,6.060173348598173,6.269203353921861,6.210047678745268,6.112778660604693,6.307058793917164,6.101247500806802,6.335238725181655,6.25230056881411,6.176336668333534,6.3626184790177325,6.190834737952483,6.318029518434879,5.685437488397678,5.548134334085663,5.7811975158631235,5.527173279335935,5.812735888945195
0.004292375,0.003735,0.00493575,800,6.6385058739579605,6.549118482851111,6.709529754927689,6.541118631022028,6.734131868942566,6.039632230962855,5.8867378394635725,6.169635750923978,5.921482268297138,6.1961648940189615,6.0359857213031844,5.943949967006544,6.13110343598714,5.928135248539267,6.1447349232620265,5.6893496174589835,5.518620153278802,5.8742844709327375,5.543412011303824,5.8732476265740825,6.07290358686619,5.99294922986066,6.1656113268491906,5.982735880100616,6.148728525632129,6.177811503397745,6.072669408560778,6.273372955939159,6.041098540152282,6.270335377082336,6.234953514479827,6.149213641365838,6.3257474560529765,6.173486921583059,6.310430646751724,6.2479280258495695,6.172942547945404,6.356598134192367,6.170763780485534,6.326049839407334,5.6991622811932485,5.556953712994862,5.813041207470894,5.5607100842003945,5.817626188257212
0.004666875,0.00409725,0.00533275,800,6.566455873911933,6.485028559363208,6.642881952108912,6.478167761019918,6.6629429270119225,6.120314419610687,6.026937199644657,6.204186189612267,5.9740183483254565,6.2011575908996805,6.029309224986813,5.928909811125469,6.115351920698793,5.905688765174495,6.1403945719305595,5.701180705843784,5.549533642176096,5.872710075405966,5.522463816682774,5.927872668240686,6.061862277754971,5.9745656475287605,6.139774989396213,5.961137175400646,6.172562263424691,6.2016352103201084,6.081352110853352,6.2677220729290095,6.110612558406164,6.289666696484128,6.201481081602961,6.120640101530523,6.275848891048943,6.107061925930581,6.275628504529717,6.276864348453762,6.1831947406326915,6.385899972083784,6.189492113065301,6.36526212811885,5.696716538013806,5.599795104662701,5.814844226570531,5.50954907871553,5.821182078263085
0.005081625,0.00444,0.00570325,800,6.6570277818105446,6.572080861503625,6.739450387020914,6.519192073313307,6.758083189923621,6.091626754791627,5.973690687841344,6.197906968409316,5.9626082681165595,6.203299791691936,5.992468660213362,5.891634171234762,6.094927498135294,5.892288321234374,6.10398285304364,5.707915298203833,5.55107212452434,5.885427122479483,5.5074086883607345,5.906779873089779,6.1192267313816675,6.046188068820438,6.184940558240061,6.005157583240244,6.207342144182953,6.193524066146504,6.111639350264045,6.312040089877568,6.0910851846873655,6.287553252784805,6.181983221446935,6.113615052342273,6.276749908452185,6.075308103441583,6.291445067177891,6.294630916933917,6.1915739707828905,6.3887805752861615,6.201036489951072,6.388556927508552,5.71725385073425,5.616441322442155,5.838729799577284,5.568234160121968,5.826103102576895
0.0054765000000000005,0.00485125,0.00615,800,6.616244770553246,6.546603548387953,6.690694067325691,6.534034253457775,6.719567094966939,6.040419763721137,5.869230081794663,6.143144549691772,5.893288848067702,6.143113541080704,5.930168188837072,5.84319873344796,6.022893429427013,5.820592450453688,6.067717733426691,5.7096858383666484,5.607994899680163,5.818816935175784,5.5706695277436005,5.8179955887655295,6.101521926830466,6.02675670787196,6.176930750160011,6.011903467200479,6.1711276388093514,6.248821494032223,6.141965714993499,6.352644765630958,6.105999382332826,6.331349400800366,6.187964685654465,6.088321892876206,6.283956776210197,6.0912761461810145,6.316048407980198,6.258428114401426,6.183062549913608,6.365277719258913,6.174033567853453,6.345106182776568,5.790442143689582,5.673270146051849,5.885674210031203,5.639721024175044,5.911950048631587
0.0058702500000000005,0.0052445,0.00658075,800,6.602551888507842,6.523963203075565,6.685495926894349,6.506771338309965,6.6654390760239,6.0497048374559395,5.902528398269518,6.161821977155036,5.91907757224755,6.18839748055184,5.850239325802927,5.74193453660615,5.941773086479775,5.709900873581211,5.988185003549891,5.823780321210156,5.701891559582968,5.916185140892313,5.695521073256042,5.979519947926894,6.049843825917814,5.965829680105872,6.1206943110499425,5.950532230041196,6.1363475838300285,6.236191287759741,6.128257108925261,6.316656085621411,6.130999247891392,6.350653374967882,6.2015035589287315,6.122598432166614,6.274185713033427,6.111008028498295,6.334285823200065,6.116499469333084,6.0365221420266435,6.209981162772106,5.983611651835997,6.2157456506511055,5.803724011149192,5.660029097144732,5.90157223463079,5.6676359637174425,5.9407346592191255
0.006318125,0.005629,0.00710525,800,6.626356818373062,6.532993318035881,6.711138467526884,6.4944907493189765,6.731039431894237,6.035018786036413,5.915295474812051,6.19313427340318,5.915396123524471,6.1787824651911905,5.77878892676789,5.6589037611627715,5.919714763735986,5.635468850049217,5.950461146171869,5.780110399742462,5.613384683518625,5.933939252244915,5.635955049868868,5.942967064275779,6.071640416416063,6.00232194903534,6.148559997737368,5.951107930035717,6.181971230443522,6.292820947981598,6.172247762150722,6.4163334161907155,6.149379939231424,6.404767843322027,6.213766062655542,6.109333738602205,6.296037372786618,6.150127318351637,6.296234319553141,6.067584982775039,5.969171985503725,6.1657722647348185,5.990604277196676,6.157915767883637,5.902857973293852,5.786803059398883,6.01452198438087,5.76653856850417,6.022613635787561
0.0068035,0.0060535,0.007612,800,6.701359958542848,6.585283546403363,6.780045485313854,6.549754847087283,6.843187178968097,6.095196169561557,5.946654902477795,6.240720574604782,5.904375424622214,6.226330666925839,5.703218994571148,5.579202926432855,5.833505034327292,5.574343382881873,5.817868954520605,5.760587557971078,5.594810402410004,5.934986279071995,5.624330572697867,5.938303341524465,6.101304420665354,6.0295391128856695,6.183127169132725,5.970804205760678,6.197850781298268,6.298309233586625,6.197321084491477,6.382165503096833,6.173849989493171,6.39269393726824,6.141539822996039,6.062412962098508,6.220281629089319,6.093899979242589,6.202881691035052,6.0517910496249625,5.9665777825913535,6.146969183413176,5.97824670687511,6.125298529297538,5.936440156479271,5.81244656698128,6.070311573310029,5.793047886332841,6.056818992941117
0.0072965,0.0065055,0.0081815,800,6.728408608766144,6.622317228858407,6.82115170605418,6.645219490240467,6.78891196274761,6.08197030170914,5.944027004463153,6.189585017142725,5.914666265941244,6.188793023888848,5.724864830088825,5.625612196648334,5.852078424962531,5.628525655091657,5.804151142815879,5.726249033847963,5.56156026857086,5.90678309562212,5.571003560818008,5.898738526090209,6.100657795575639,6.028019462083026,6.174234274606934,6.021501719045306,6.173292971593429,6.327707771425752,6.228554779536801,6.415373132869851,6.21656337129536,6.437196992332963,6.1126046839644985,6.0172287785486605,6.192030543611257,6.007130435232422,6.195352487245433,6.172557845580972,6.070861421611561,6.245715575105981,6.073141104303948,6.253574561263218,5.869521591093942,5.7525723970144655,5.971100022502546,5.702587472700998,6.0059861805881205
0.0078325,0.00701675,0.00889375,800,6.700885906362856,6.604105016602561,6.7697078944121385,6.600805703878296,6.802139346303511,6.0806851024838915,5.950511970232716,6.21860044492261,5.955146150825858,6.198156968385589,5.812804579226986,5.680831912750333,5.916748847201352,5.672532211932458,5.963608144735881,5.6604126917793876,5.548264357936778,5.865768804844745,5.511945203919072,5.858584358818742,6.078226764140643,5.998984739269344,6.136076164170348,5.99909732719859,6.141325825693131,6.310246716809156,6.206716861319246,6.408476865354831,6.212299752270487,6.429341488071811,6.109019400030243,6.015929867547212,6.197078148499891,6.008585557365652,6.202563874701029,6.219207025678784,6.109061301431739,6.296026866230356,6.1025921206705425,6.306072517796346,5.845160210527587,5.759294534972785,5.962236570390388,5.704109687109596,6.003412015318216
0.008473624999999999,0.0075075,0.00954725,800,6.590134189558691,6.510714313932009,6.671395168796199,6.511781308242815,6.664917600796093,6.031752427328807,5.901309482271591,6.147572993597682,5.908334458847184,6.139274730806031,5.858965149877355,5.7473908536721625,5.929080184440517,5.74598227956026,5.959068262279966,5.7092423888390735,5.545919622414886,5.9012130856766065,5.62699307414213,5.903526688096897,6.055856637703213,5.978837960466059,6.122620705441452,5.957297922744931,6.1420595444698565,6.321501539418506,6.198696965162162,6.401821840128602,6.201588250277284,6.426938308056221,6.124429274724837,6.019138179373764,6.2189178101813845,6.0550358050066135,6.220863761743212,6.280021851696821,6.208225134465827,6.3670893702976095,6.177966742957108,6.3576695695185395,5.792057834060481,5.6997358736681605,5.903932145336655,5.679253859518086,5.9148060814690115
0.009159,0.00806925,0.01032725,800,6.598218935457909,6.52822855432862,6.670691923797373,6.525401011457722,6.693728360964748,6.025188541816616,5.909178554254412,6.130696867170575,5.875563526887023,6.2224530358378525,5.864173942202735,5.763181825048745,5.9474330409705685,5.76228586983126,5.984590164644084,5.705749633970388,5.5604660200449345,5.883283798868058,5.498613056707356,5.865573687912334,6.021243557480956,5.950311961121703,6.093604895140695,5.930365467672532,6.0887625993662695,6.308452365395734,6.203957735324778,6.412942254089551,6.1508978430653105,6.442717476915369,6.150652532559272,6.062942261295928,6.2287310563214815,6.055988080863529,6.22623020917588,6.267046830033498,6.168227619499712,6.3617526617334725,6.169851148261585,6.359466765969954,5.795379016837013,5.699397432795288,5.906582478345947,5.656505076664551,5.909923651103306
0.009818125,0.0087475,0.0112265,800,6.662180246652939,6.56847098678906,6.731380522494404,6.556108136950858,6.7451289089156194,6.015515446426583,5.889385729257827,6.168780241700934,5.855818113677396,6.180457886588745,5.848996807027121,5.746326293313535,5.928123941634538,5.749732598430469,5.986516099552349,5.679368786733761,5.491366907031308,5.86214651490146,5.481322610506299,5.850120111099551,6.034569578487755,5.963746029857575,6.100138559877366,5.965700353039174,6.117893442250003,6.318625046036484,6.2043949238752925,6.414908848510716,6.1463342313035625,6.435164053789434,6.122299755556311,6.045566230786776,6.200094652248634,6.0501288432496665,6.1966650928594404,6.256387378211168,6.170639085212252,6.3645870670802855,6.14060536167632,6.358729556117246,5.792643163668084,5.698086909962207,5.897360180021587,5.622393562964627,5.9133325054540995
0.010714375,0.00942025,0.01210225,800,6.655230718417966,6.556159922044045,6.7341480518124355,6.56943585040411,6.731537682879649,5.931483235047406,5.787854223841221,6.114988879516095,5.81647584538643,6.069336972441294,5.888046676346926,5.780438540221863,5.99923759415781,5.799043581307441,5.963304909380487,5.629747735948602,5.462073818040204,5.810619090500314,5.503646646048326,5.79260933065368,6.07341788389136,6.011606941539798,6.138069225230581,5.980402653621665,6.146242478945547,6.292305010959411,6.191724230468092,6.3911813590832125,6.096147522367097,6.421900504525462,6.1451899464248605,6.049349029891058,6.227481224973826,6.080162091806831,6.231047475100437,6.282147953859569,6.185797584716994,6.380299286075079,6.182176450923079,6.3805215212805315,5.83160769718574,5.727738973658846,5.938436402493486,5.739004646910527,5.944022580834527
0.0116125,0.01016675,0.01294125,800,6.688155411894731,6.597442700727737,6.770155495637903,6.604164191337897,6.786585004761006,5.857724349239659,5.674892946052813,6.037428489671906,5.731526664341823,6.036131752497264,5.903426156520925,5.785276744591365,5.994206850573166,5.76502437632482,6.0314050425453845,5.538369743814802,5.362110460975636,5.742912476531698,5.403247952679972,5.767726015348245,6.1168573614141,6.043764495892711,6.188892295387033,6.032044196701904,6.1683895874104975,6.288906719696628,6.159557027371979,6.387441189553679,6.106307872535032,6.389252942308169,6.196325282767503,6.102471726331676,6.281322472583981,6.1047402673650355,6.296694622714631,6.264686694177181,6.169766673830677,6.336473694200384,6.155296625401327,6.373584434360945,5.928141961076291,5.815034272531044,6.042855099869214,5.766467517945163,6.0583510275410735
0.0124195,0.0110495,0.01416275,800,6.708419457806356,6.598024203717031,6.782962500584692,6.608026066468078,6.7817352335797425,5.826911787912453,5.696436932538201,6.026384184558713,5.6646906842860325,5.9973361681919455,5.928600035362378,5.799636756069401,6.041351623874433,5.8069535385501085,6.062362123531985,5.4964980517900095,5.305153927108152,5.759843263541692,5.2603807532594775,5.792485041385497,6.12217993383402,6.027200129380851,6.203656953128684,6.037964759852157,6.191412915369746,6.284555061210558,6.159131321242069,6.384326806278469,6.1194025930474325,6.438186449855267,6.1987167356379835,6.077859339510793,6.294870719640967,6.072731356473604,6.305734183029736,6.240063421349836,6.146293456956553,6.328167271808337,6.110817712646525,6.361684998217191,5.951790722209497,5.84914206631886,6.031040266508102,5.782630455940899,6.097736978492222
0.013301625000000001,0.011918,0.0154515,800,6.763548578239044,6.658598442293346,6.848612984809683,6.640695276009522,6.8697795759435,5.841134648082688,5.620164719093658,6.043816838413794,5.694166482428518,6.013884347661878,5.932867276683895,5.825811235414492,6.054059173878233,5.812592131753423,6.097978898202175,5.540604729669366,5.332222648341553,5.727087470863153,5.343519438825396,5.71142054641491,6.114034978929887,6.019706821518999,6.210432233187573,6.036534915462028,6.1584341250571715,6.271164762580749,6.1126535389570895,6.394909588371728,6.079098516873453,6.391895050830317,6.162476923089902,6.047761939736011,6.2579766315971055,6.011827240209141,6.351310960218952,6.242772180441073,6.12639305659829,6.367652712717992,6.155625175900179,6.350160767837017,6.0565003342366985,5.948525952644687,6.151068792370226,5.932740178929212,6.177573036729649
0.01463625,0.01273675,0.016887,800,6.713172310411266,6.604063141106996,6.798546692585643,6.593700193118114,6.826618239709339,5.946155493534338,5.775956169861991,6.104139420038557,5.778393676720417,6.089669053666363,5.9250579787349595,5.819025767521956,6.031681388789989,5.776153775877202,6.068666201465313,5.52141873720354,5.34464060068319,5.78773207949493,5.228561347999296,5.806054367001143,6.100376339274762,5.995256568813512,6.180710487645428,6.007604536192156,6.199194680290123,6.2446039046324024,6.092647053469078,6.346077581180693,6.108830593981099,6.355032599032866,6.166898705204411,6.058575936411509,6.263646648061492,6.003784818194724,6.331239031985011,6.231723894660851,6.139885578691174,6.320113019999728,6.113751663240172,6.3219978703724715,6.04556558135326,5.915385624447107,6.153390290010018,5.892833269413512,6.172556823692524
0.01598525,0.01391975,0.01864375,800,6.808333791321426,6.718539529826331,6.896261804014218,6.710642314651728,6.88957850866616,5.983085818851777,5.824395136388814,6.150463118544152,5.815110467778128,6.135100490304968,5.89802217287025,5.783072399457236,6.029039247078341,5.717315784457897,6.029649359435824,5.48760875702007,5.311986163738815,5.711929400702148,5.25208764930355,5.752458131751393,6.082994449462506,5.9758200827904515,6.167823239229467,5.997141366321145,6.15552176461674,6.193694643354203,6.076492172058418,6.319652726821992,6.047387034550436,6.310949233691969,6.158817185506569,6.049028660359637,6.259839401066099,5.980607848545178,6.2755213681397075,6.28772783319141,6.187445851478931,6.404598871286212,6.2091624423661855,6.379162103198718,5.991363043921598,5.8996568733041075,6.08490449622026,5.83754329003644,6.117779549557479
0.017519,0.01516375,0.02059125,800,6.707649667848324,6.606869829323588,6.845242154723246,6.59497078937057,6.834653945224938,5.953916516141058,5.6983234615642795,6.126821404581433,5.75940294413163,6.117476752224469,5.931809172527202,5.801635137716338,6.0501572423665255,5.768047422384514,6.107683965341749,5.548640490937649,5.2871774803247,5.861490511376075,5.173984532800658,5.880507868930544,6.066343186577189,5.961206449801494,6.167507647609759,5.975027998564969,6.154181791684648,6.213224411743769,6.0732816051044765,6.308447158390368,6.038455390197445,6.329561561024057,6.183645305448117,6.085464295595533,6.293681409021736,6.023017982980118,6.373637437042582,6.248132858798801,6.12291874434146,6.337796555227163,6.142212345727888,6.357202009496855,5.986749048789678,5.89437254334132,6.103485497600139,5.887408209198309,6.07479544828762
0.019270750000000003,0.01658775,0.022902,800,6.61076757658859,6.511043503706706,6.723093088431699,6.491148917795783,6.728556370061985,5.970302626437377,5.812985347747522,6.144771204514448,5.779384008424532,6.107487711779133,5.889425074774153,5.733145789585471,6.029211938437778,5.724018370599189,6.096270175825698,5.5944842170887465,5.438926670734634,5.7774910393619745,5.367720045683337,5.771740663840338,6.068827517263723,5.9922486891465905,6.155367852949029,5.989387738251673,6.176303701572583,6.167200274696337,6.011041197539039,6.274910283371475,5.950762610842654,6.3115396099860686,6.178325429754818,6.069531141196831,6.2860622472521,6.007985797548876,6.336920250544908,6.312780498942088,6.226910689551891,6.413324837938385,6.215429533572006,6.39127942005219,6.033375382237878,5.920585005566493,6.1456831564491985,5.872593517061438,6.181185717140047
0.0214875,0.01826175,0.02562875,800,6.684043778424861,6.564919554809806,6.803068776702164,6.547562129974326,6.811169402463992,6.045083387719632,5.843136349472885,6.206576771180607,5.857759300709354,6.17493417143119,5.924923769783657,5.765263091680189,6.076076681749055,5.76613626453888,6.114470019353656,5.482385605466025,5.2563121784963736,5.747218302423708,5.263284579599505,5.819715228607178,6.063549904512079,5.972697343384145,6.152079902286679,5.9561022175099225,6.1441638425518175,6.122792160219986,5.978747446218625,6.254948596883562,5.918288198249648,6.265094668290419,6.259660104132987,6.158862811005868,6.334018736910113,6.098661171468025,6.378055307934735,6.2647457775011945,6.1419108405855845,6.391918545554736,6.126092232139531,6.396218506147406,6.056459666927966,5.945604736250175,6.180916336293523,5.884364192922221,6.194479775745455
0.024072625,0.02010125,0.02899525,800,6.712245387818698,6.592457610790095,6.844077078025011,6.577523697192521,6.806825511915218,5.840526893912748,5.634205294931722,6.068244412974207,5.658628393795836,6.025240214174872,6.037838503657307,5.843342826459226,6.1867524883047,5.866487271869262,6.203780378351386,5.423456960292015,5.165440809399689,5.7213089740928815,5.210516890443755,5.7514234550600225,6.078973021772926,5.9662218479714335,6.157254995061051,5.976115567347125,6.151382697539262,6.083485984631631,5.905788632055951,6.256993379315464,5.890581444976992,6.243290372291766,6.338481846423351,6.2240767859282045,6.428883779263424,6.19289280757032,6.444200565588601,6.266388338020532,6.157841721486743,6.4185827271169105,6.144215161585209,6.383025707863089,6.139227882721196,6.00261678638559,6.247446118218727,5.931502609198761,6.277579904550009
0.026936375,0.02247475,0.03322825,800,6.6199089687113135,6.525204760879287,6.734431421840466,6.503958356269732,6.684396453423184,5.851129406385042,5.694829363150335,6.011201895166444,5.666487694682448,5.980043408904873,6.142468565778693,6.0398074156251305,6.25745606526253,6.028541315388668,6.24560955028329,5.346886474266116,5.160478061670645,5.646823017215932,5.21205010233861,5.684767034015524,6.085685828815425,5.981083867388234,6.169976845139883,5.970872019159199,6.1763575230073355,6.023218371968581,5.880376216322264,6.179098488050364,5.81230268479173,6.243190901115944,6.362397089522183,6.2650091088284,6.456612081240359,6.229738719514722,6.487888798373119,6.332051135098489,6.224720225793306,6.435637874208251,6.210506551804982,6.4538479726239215,6.100671797073241,5.984849241363103,6.189045588103016,5.935388192414813,6.180201013485375
0.030644499999999998,0.025131,0.038727,800,6.6036532803103505,6.477379317493292,6.70475078873812,6.460018265922645,6.756793006783636,5.74882066043835,5.53097358524451,6.017174113298635,5.5793637228739925,5.932084212876797,6.127070327126492,6.024564849605683,6.225751323928143,5.997494629105765,6.235023225571158,5.442896153842974,5.2755691413468035,5.736215671649905,5.296945881044625,5.663373166293873,6.055651628780517,5.9658946592088125,6.158121939544322,5.965335405200137,6.145976518844107,6.002515415094537,5.837250291080103,6.1608474979088355,5.722727029730982,6.193261487711398,6.351918977951525,6.226800113455173,6.474683037914624,6.229506400971699,6.473012913507004,6.354028948978434,6.243070247320018,6.440599713781902,6.2566336242776295,6.452032786137791,6.166762095461471,6.039225908433274,6.261444742427917,6.034010449498881,6.289299028738466
0.035225,0.02805975,0.045999,800,6.563718694429441,6.436281280908538,6.659338006079112,6.387333926262215,6.7127784573197795,5.838383029254373,5.629710379818248,6.045298461320732,5.644356949189219,6.057576692043408,5.993249044486383,5.897490731131959,6.115670359725597,5.8647200960119195,6.124550910055339,5.551295048525792,5.299657150956734,5.833118765542073,5.3455242603131925,5.790924222609914,6.033142303326745,5.926865193416614,6.143780617070568,5.928025962395988,6.134403540056878,6.0261119383163395,5.835389325489998,6.138564802420347,5.75361994406253,6.2360416226183135,6.292454813069481,6.1985020895779375,6.379287562781869,6.125939457323817,6.445686502085899,6.323067252345297,6.207432212013251,6.419434149627988,6.195743038878933,6.429089529441953,6.208749510439458,6.095891349147872,6.314562943198713,6.091473560185792,6.355534646372333
0.041436875,0.0322725,0.05685475,800,6.480229581321358,6.341153502772738,6.6129868684231585,6.308100971054705,6.689907624918668,5.7265483599772455,5.534791007256027,5.95144630207319,5.540283683004345,5.977302159224985,6.052680360756592,5.937799546229524,6.1710495864082375,5.9200650821001775,6.181272984135822,5.523469624394467,5.30328489598852,5.748281169597677,5.35347712961782,5.666192662346199,6.071992200853886,5.962670050516859,6.165535214156276,5.992120527543378,6.180671584809757,6.076945834427154,5.921841620783492,6.217264558588116,5.809345906837126,6.2910236251378,6.339219250093279,6.223332860794957,6.472259484488438,6.211350283028652,6.490534398259488,6.3378433466763155,6.222383384014516,6.455419302996624,6.219763877161291,6.473549379671103,6.22757257678075,6.13622281710849,6.3348756961630945,6.101203447326906,6.347668598596519
0.049885125,0.03746425,0.078878,800,6.261558670379236,6.122512341856639,6.373011603720616,6.139701901816411,6.396453086784309,5.817087900935306,5.6668153314601675,5.965289256097064,5.617532348646471,6.076753570745301,6.059450704803496,5.929549952875581,6.183384784933194,5.94208733730162,6.197517913504753,5.458727705673231,5.186584971399366,5.747568311798488,5.2085059789096535,5.756716535557214,6.040244203256444,5.93182465730925,6.128431884084288,5.928254305690369,6.1442155065729915,6.1209285830553775,5.984171614263886,6.241438847077547,5.917248336323903,6.349762452352486,6.480513411744421,6.35605757445917,6.633466436175288,6.337682856474729,6.651294424841264,6.3118137449525795,6.173697045541449,6.4558914800460565,6.116063586925527,6.471749530917736,6.2530749230780005,6.1535402136677435,6.340227773312834,6.139936762734168,6.420619569896007
0.06331300000000001,0.04442825,0.24648325,800,5.5106667595838665,5.372864490755348,5.648156881875063,5.3478715047229315,5.668729065472519,5.948441216126496,5.786791927071663,6.071253014868157,5.863423578223638,6.026450335763829,5.964622208569981,5.835423359623697,6.066711028705607,5.8377345003222825,6.116267909515933,5.414051666115687,5.1325536292533265,5.856684747937877,5.040546001342742,5.825725833793128,6.380586642299803,6.266782982545781,6.5067040240059,6.1916674673445256,6.564212403032119,6.174345529674891,5.92937613830094,6.341569603030293,5.8875566842779925,6.485616571306703,6.863698051761415,6.676644307367543,6.985728802285104,6.705563987927702,7.095281191534588,6.443122276542272,6.3158204179026765,6.641713368184941,6.193604163834733,6.684075188339685,6.40773531388596,6.292795947564178,6.521158511256975,6.196943327330115,6.6397029780293755
